FightOnProds	4.925	false	124	2009-12-21T00:21:10.000Z
ActorGuru	4.887	false	1479	2013-04-29T16:32:23.000Z
brianveronica1	4.887	false	3732	2013-07-09T16:54:38.000Z
TYLER_Dewitt_	4.887	false	66	2011-01-09T03:32:33.000Z
WixActorsModels	4.857	false	484	2010-08-30T08:26:10.000Z
acting2112	4.845	false	3390	2014-07-12T18:57:48.000Z
reaganmichael	4.845	false	240	2016-12-14T22:30:50.000Z
RexSikesMovieBT	4.787	false	6962	2019-05-29T11:19:18.000Z
TheCastingCoach	4.787	false	189	2017-07-18T05:38:23.000Z
InTheBackground	4.769	false	1297	2011-09-11T18:34:16.000Z
AuraTVsolutions	4.750	false	448	2014-11-04T23:19:15.000Z
Jeff_Bartsch	4.632	false	657	2010-04-06T18:43:51.000Z
CultureTilt	4.503	false	67	2017-08-10T16:14:27.000Z
launchmondays	4.465	false	357	2011-05-27T17:10:38.000Z
joe_hollywood	4.424	false	22708	2017-10-13T04:10:54.000Z
AlynDarnay	4.286	false	8556	2019-05-28T16:52:41.000Z
actorpreneur	4.234	false	415	2016-01-09T01:49:30.000Z
WBmovie	4.234	false	205	2018-09-25T20:58:43.000Z
CaleCarter_	4.203	false	2829	2019-02-24T18:22:00.000Z
behindthe4wall	4.060	false	1255	2011-09-14T20:42:50.000Z
HorsesinTexas	3.928	false	870	2019-02-16T23:59:36.000Z
EmilioKaram	3.782	false	66515	2019-05-29T14:46:31.000Z
julianbane	3.782	false	407	2019-04-04T19:33:13.000Z
_PhiloFresh	3.705	false	1786	2017-01-20T14:31:26.000Z
actorfest	3.705	false	11839	2015-09-30T19:21:31.000Z
OnStageMedia	3.705	false	666	2016-09-15T20:52:49.000Z
ActingPassion	3.454	false	1070	2013-07-01T18:50:59.000Z
actorscentresco	3.454	false	293	2013-11-12T01:37:30.000Z
Binkychannel	3.454	false	966	2015-01-13T23:46:10.000Z
RosieChihuahua	3.454	false	37256	2019-05-29T05:21:31.000Z
IB_Angelo	3.365	false	1022	2018-01-27T03:40:04.000Z
onefatcigar	3.365	false	1624	2011-07-04T14:36:56.000Z
valebrity	3.365	false	17925	2016-03-29T18:47:02.000Z
ActorsActingUp	3.273	false	93	2012-04-14T05:20:54.000Z
FunnySherif	3.273	false	1215	2011-07-31T05:10:51.000Z
Scout66	3.273	false	37	2018-10-08T22:49:17.000Z
PIQUESAUCE	3.179	false	59256	2019-05-24T00:28:35.000Z
Actingnodrama	3.082	false	13693	2019-05-17T15:12:53.000Z
lastnerve2000	3.082	false	559	2019-05-23T21:23:01.000Z
Scott_R_Wright	3.082	false	116	2019-05-27T14:12:19.000Z
artistnext	2.984	false	492	2012-11-30T02:04:39.000Z
unatiFilmWorks	2.783	false	6489	2015-12-22T20:01:38.000Z
Voice123	2.783	false	8093	2019-05-28T15:13:55.000Z
AspireHollywood	2.681	false	263	2015-07-30T00:21:43.000Z
DavHav	2.681	false	827	2019-05-29T10:02:48.000Z
AuditionTape	2.578	false	400	2019-02-18T17:51:10.000Z
NICODAorg	2.578	false	177	2017-03-31T15:03:44.000Z
brainsofminerva	2.475	false	604	2015-08-04T16:18:04.000Z
YourActorMBA	2.372	false	1082	2011-06-08T21:38:37.000Z
ActorsLounge	2.270	false	9409	2018-12-12T01:53:20.000Z
justingiddings	2.270	false	7725	2019-05-28T21:29:13.000Z
motionpicture	2.270	false	600	2019-05-22T22:43:27.000Z
PositivePaisan	2.270	false	76342	2019-04-15T17:43:29.000Z
scrappyactornc	2.270	false	202	2019-01-08T22:00:52.000Z
TANHWD	2.270	false	16142	2019-05-14T01:22:32.000Z
tviactorsstudio	2.270	false	10181	2019-05-23T17:12:17.000Z
TVLandPR	2.270	false	3923	2019-05-24T17:08:50.000Z
rexsikes	2.068	false	2923	2019-05-29T11:19:25.000Z
Melvyn_Flores9	1.969	false	1233	2019-03-26T23:50:59.000Z
FerriD	1.871	false	9699	2019-05-16T13:57:05.000Z
mikeBnelson	1.871	false	1581	2019-05-02T08:58:17.000Z
TheRSTipton	1.871	false	333	2010-06-08T23:08:23.000Z
Devon_Triche	1.776	false	789	2019-05-29T11:25:11.000Z
FINISONE	1.776	false	939	2015-10-27T06:19:54.000Z
gregorcollins	1.776	false	46732	2019-05-09T22:51:24.000Z
tgorkie	1.776	false	249	2019-03-29T20:43:14.000Z
marklanerocks	1.683	false	9698	2019-05-27T14:30:39.000Z
ItsSeanGrady	1.592	false	575	2019-05-25T16:36:41.000Z
PCPassionistas	1.592	false	1955	2019-05-24T16:04:37.000Z
FilmTVDiversity	1.504	false	37325	2019-05-25T05:36:58.000Z
frankito2_0	1.504	false	299	2018-10-13T11:50:22.000Z
HeadshotRepros	1.504	false	797	2015-07-15T14:16:06.000Z
kylefain	1.504	false	182	2019-04-26T12:19:54.000Z
rfontaine71	1.504	false	1050	2019-05-27T15:35:18.000Z
TheDavidBowers	1.504	false	8911	2019-05-29T14:01:11.000Z
NikitaBreznikov	1.419	false	1205	2019-05-10T19:39:41.000Z
SamJonesIII	1.419	false	11834	2017-09-28T22:35:10.000Z
bcruzinsince84	1.337	false	984	2019-05-23T21:55:53.000Z
huepeeple	1.337	false	6255	2019-03-30T18:58:48.000Z
jackmillsshow	1.337	false	590	2019-05-03T03:34:29.000Z
Tips4A_SanerLA	1.337	false	178	2011-07-28T03:02:28.000Z
vipregan	1.337	false	634120	2019-05-29T04:23:22.000Z
ACTORTWIT	1.258	false	340	2019-04-29T19:12:11.000Z
ChiaGarcia	1.258	false	78	2016-04-05T13:40:46.000Z
HollywoodGlee	1.258	false	2269	2019-05-29T14:26:04.000Z
RickPantera	1.258	false	138937	2019-05-29T14:48:12.000Z
voxcorporation	1.258	false	172	2012-11-14T22:14:45.000Z
comedianrayray	1.182	false	1633	2019-05-27T19:36:41.000Z
johnmasseyjr	1.182	false	1054	2019-05-28T05:47:32.000Z
ReelBizness	1.182	false	620	2017-07-11T23:58:58.000Z
EAlexStark	1.109	false	27078	2019-05-24T18:38:29.000Z
JohnnyCarnevale	1.109	false	202	2019-05-12T16:07:56.000Z
SamAaronActor	1.109	false	257	2013-03-01T17:58:54.000Z
scottisbell_	1.109	true	340032	2019-05-28T17:11:53.000Z
brian_larsen	1.040	false	40155	2019-05-24T02:22:12.000Z
David_Caffey	1.040	false	668	2018-03-05T00:10:53.000Z
JayLink_	1.040	true	39692	2019-04-26T23:21:59.000Z
JohnTCogan	1.040	false	238	2017-11-03T22:44:56.000Z
KINGof334MOBB	1.040	false	62971	2018-07-07T03:05:14.000Z
NickDCastro	1.040	false	187	2019-05-14T15:20:07.000Z
ACEJT	0.973	false	656	2019-05-26T17:31:54.000Z
DennisDePew	0.973	false	1083	2019-05-28T23:12:17.000Z
JakeCrumbine	0.973	false	9413	2019-05-23T18:02:03.000Z
KenAndTim	0.973	false	49	2015-12-21T21:05:05.000Z
ShortyRossi	0.973	true	20706	2019-05-29T08:01:33.000Z
DailyActor	0.910	false	6624	2019-05-28T23:43:45.000Z
DustinClod	0.910	false	163	2018-04-18T00:59:58.000Z
Jade_Marrick	0.910	false	187	2010-12-15T20:00:30.000Z
thePortersofHG	0.910	false	1083	2019-05-11T20:51:32.000Z
itsmattwilder	0.851	false	459	2019-05-20T01:33:28.000Z
mattytheglue	0.851	false	2106	2019-05-25T16:27:52.000Z
alexkmcqueen	0.794	false	1874	2019-05-26T20:56:08.000Z
castittalent	0.794	false	14651	2019-05-28T19:22:44.000Z
dougkissock	0.794	false	3828	2019-04-06T17:25:51.000Z
MunirTemelli	0.794	false	23001	2019-05-29T08:14:43.000Z
ABradford10	0.741	false	1382	2019-05-29T14:14:58.000Z
AcetheActor	0.741	false	3505	2019-05-28T13:07:25.000Z
davepowersNYC	0.741	false	815	2019-05-29T01:33:56.000Z
elijahungvary	0.741	false	195	2018-10-30T19:29:17.000Z
mattprater101	0.741	false	1347	2017-11-09T14:51:30.000Z
PleasureEllis	0.741	true	758701	2019-05-28T20:51:50.000Z
PopularLosers	0.741	false	990	2019-05-29T13:31:54.000Z
sagaftranm	0.741	false	19654	2016-10-12T01:19:15.000Z
ActorsEquity	0.690	true	57776	2019-05-29T13:55:01.000Z
LundMaxfield	0.690	false	1052	2019-05-01T23:42:49.000Z
BIGGMARV	0.643	true	34224	2019-05-29T08:54:02.000Z
CRGutekunst	0.643	false	415	2019-05-20T15:17:18.000Z
JDGreer	0.643	false	88315	2019-05-27T22:05:13.000Z
nickynightmare_	0.643	false	1086	2019-04-30T21:31:12.000Z
RichardSkipper	0.643	false	3451	2019-05-29T14:14:07.000Z
_mark	0.598	false	1248	2019-05-29T09:22:42.000Z
brianspaeth	0.598	false	10569	2019-05-16T20:18:41.000Z
CleoBerry	0.598	true	8515	2019-05-14T21:26:12.000Z
jheriwalkerjr	0.598	false	1461	2019-05-04T02:21:17.000Z
KevinScottT	0.598	false	934	2019-03-12T08:08:20.000Z
leonvanwaas	0.598	false	246	2019-05-20T10:50:05.000Z
birdyseztweet	0.556	false	4471	2014-04-06T22:16:11.000Z
brianepps	0.556	false	1167	2019-05-25T20:51:28.000Z
GermanLegarreta	0.556	false	475	2019-05-24T04:03:37.000Z
jeffsvernon	0.556	false	3243	2019-05-28T18:36:01.000Z
kentspeakman	0.556	true	78328	2019-05-29T13:33:11.000Z
JeffGabbard	0.516	false	353	2015-11-18T09:45:11.000Z
PipLilly	0.516	false	1249	2019-04-09T00:53:17.000Z
fanbolt	0.480	false	9230	2019-05-25T16:36:31.000Z
JOSHPETTORUTO	0.480	false	53398	2019-05-21T19:41:06.000Z
maxthebody	0.480	false	6587	2019-05-29T07:31:08.000Z
circlesoffire	0.445	false	1287	2018-06-05T12:59:46.000Z
EB_TheRebel	0.445	false	423	2019-05-28T03:42:20.000Z
gregorycrafts	0.445	false	2031	2019-05-28T05:39:34.000Z
MeeksSSQUAD	0.445	false	2138	2019-05-28T06:53:35.000Z
SteveHofstetter	0.445	true	77907	2019-05-29T14:49:12.000Z
cartermason	0.413	false	2135	2018-02-03T04:00:24.000Z
IamPhilMike	0.413	false	1287	2019-05-29T02:29:18.000Z
JaysChallenge	0.413	false	4271	2019-05-17T23:13:38.000Z
Knique4bz	0.413	false	200	2019-05-28T04:57:40.000Z
MrCraigBierko	0.413	true	43274	2019-05-28T00:25:31.000Z
DirectActorSJG	0.383	false	1244	2019-05-24T14:11:28.000Z
john_shevlin	0.383	false	1378	2019-05-01T07:34:43.000Z
kingtyler39	0.383	false	1253	2019-05-27T03:51:12.000Z
skcomedy	0.383	false	7482	2019-05-29T05:27:13.000Z
WzraTv	0.383	false	4804	2019-05-24T20:09:39.000Z
ActorDavidChen	0.354	false	1695	2019-05-25T12:26:35.000Z
AndyCrash	0.354	false	4847	2019-05-29T03:35:40.000Z
JASON804	0.354	false	4298	2019-05-29T12:40:37.000Z
MichaelHeister	0.354	false	885	2019-05-29T13:53:46.000Z
NotoriACE	0.354	false	3047	2019-05-29T03:01:02.000Z
scottybomb	0.354	false	3944	2019-05-29T14:49:56.000Z
DavidBlue	0.328	true	152156	2019-05-29T04:44:41.000Z
i_love_acting_7	0.328	false	140	2016-04-20T23:56:25.000Z
itsOsy	0.304	true	2320	2019-05-18T23:28:51.000Z
MCHammer	0.304	true	3325211	2019-05-29T10:21:51.000Z
thedavidbeach	0.304	false	8834	2019-05-24T23:30:59.000Z
coryjacob	0.281	false	1817	2019-05-26T21:58:14.000Z
dhewlett	0.281	true	105503	2019-05-29T14:04:31.000Z
ecnar9	0.281	false	252	2019-04-08T14:48:08.000Z
nbsetthetrend	0.281	false	792	2019-05-27T22:07:04.000Z
ReggieWatkinsJr	0.281	true	1959	2019-05-29T14:27:45.000Z
southey	0.281	false	1119	2019-05-29T13:51:34.000Z
ChrisRiquinha	0.260	false	275	2019-05-27T13:52:16.000Z
itsmecraiglee	0.260	false	491	2019-05-29T14:53:06.000Z
REALDIEGOVALDEZ	0.260	false	605071	2019-05-20T22:43:19.000Z
AjayNayyar	0.241	false	3725	2019-05-07T23:34:09.000Z
holtboggs	0.241	false	1405	2019-05-29T03:17:41.000Z
KIDSF	0.241	false	484	2019-05-27T14:08:00.000Z
stephenmartines	0.241	true	10619	2019-05-22T02:00:08.000Z
UGottaWoody	0.241	false	3050	2019-05-29T02:42:58.000Z
DeanSorenson	0.222	false	2262	2019-05-25T16:26:31.000Z
DinoArchie	0.222	false	2420	2019-05-29T13:47:51.000Z
MulliganJimmy	0.222	false	14545	2019-05-28T00:14:46.000Z
devenmay	0.206	false	1118	2019-03-26T13:47:56.000Z
LordPancreas	0.206	false	2347	2019-05-27T02:10:27.000Z
_rajdesai	0.190	false	4813	2019-05-29T04:33:50.000Z
BrentSpiner	0.190	true	1371620	2019-05-29T01:00:02.000Z
funnyindian	0.190	false	3965	2019-05-29T04:36:47.000Z
LanceGross	0.190	true	329477	2019-05-26T20:52:16.000Z
NickBolton13	0.190	true	12657	2019-05-29T07:21:51.000Z
sagaftra	0.190	true	143141	2019-05-27T18:41:23.000Z
jamesJJohnson	0.175	false	808	2019-05-26T20:03:17.000Z
LiIPIayboii	0.175	false	103899	2019-05-26T03:58:35.000Z
VoiceOfOBrien	0.175	true	261929	2019-05-29T13:44:35.000Z
YeisonGoes	0.175	false	2971	2019-05-27T22:57:14.000Z
jackielong	0.162	true	39688	2019-05-29T14:51:31.000Z
DreWilliams	0.150	false	3393	2019-05-16T01:31:27.000Z
Tahj_Mowry	0.127	true	370435	2018-04-15T07:54:36.000Z