DDPresse	4.803	false	102	2011-03-12T09:45:24.000Z
PartyweltBerlin	4.787	false	2715	2010-11-17T20:07:44.000Z
DonQuixote268	4.750	false	53	2015-05-08T19:11:05.000Z
syl_v	4.750	false	39	2009-04-23T18:41:26.000Z
an_graefe	4.685	false	201	2019-05-24T13:39:11.000Z
AntifaNews	4.572	false	3215	2013-02-26T19:34:45.000Z
TomKerschke	4.572	false	521	2019-04-10T19:37:56.000Z
wahlcomputer	4.572	false	312	2017-09-07T15:45:32.000Z
netzwertig	4.539	false	9219	2014-12-19T14:47:37.000Z
jomafischer	4.503	false	586	2019-03-28T17:09:55.000Z
svenja_vr	4.503	false	26	2019-05-24T15:52:19.000Z
wiebkefroehlich	4.503	false	72	2019-05-17T09:50:33.000Z
michaelgraup	4.465	false	105	2019-02-02T21:25:57.000Z
missionpoken	4.381	false	610	2013-04-13T11:24:19.000Z
seismoblog	4.381	false	4821	2019-05-26T10:06:12.000Z
wahlkampf2009	4.381	false	324	2009-05-31T10:47:18.000Z
GrabitzM	4.286	false	144	2018-09-07T11:02:00.000Z
kl3tte	4.286	false	89	2017-06-12T16:22:56.000Z
LoTTTe	4.286	false	156	2014-04-21T21:28:15.000Z
ZON_402	4.286	false	103	2016-07-19T16:04:48.000Z
JUHBerlin	4.234	false	688	2019-05-25T09:52:40.000Z
pressetext	4.234	false	10619	2019-05-28T21:01:05.000Z
TspWahl	4.234	false	656	2019-02-05T17:57:07.000Z
AGBsinyourface	4.179	false	89	2014-11-23T07:40:10.000Z
ailine	4.179	false	520	2016-03-04T00:02:03.000Z
evonklaeden	4.179	false	944	2019-05-26T12:52:02.000Z
open_enquete	4.179	true	1231	2013-04-18T16:22:02.000Z
undertube	4.179	false	398	2013-01-03T22:47:21.000Z
VeryOldPics	4.179	false	73458	2017-04-30T14:35:10.000Z
CloudForum_TSP	4.121	false	49	2012-12-12T14:08:40.000Z
Encyclopedist	4.121	false	55	2014-01-08T10:30:38.000Z
HEKTICKET	4.121	false	5587	2019-05-23T14:28:52.000Z
julia__weiss	3.995	false	154	2019-05-23T21:13:27.000Z
M_SchmidtTSP	3.995	false	386	2019-05-16T11:07:04.000Z
agsm	3.928	false	2390	2016-05-27T14:15:35.000Z
NiklasLiebetrau	3.857	false	13	2019-02-07T17:55:58.000Z
datenjournalist	3.782	false	4600	2019-05-23T07:53:51.000Z
medienrauschen	3.782	false	10109	2019-05-25T14:35:01.000Z
ProSiebenTV	3.782	false	6891	2009-07-14T20:45:16.000Z
lehre_digital	3.705	false	2480	2018-04-19T06:30:40.000Z
Berlin_de_Kino	3.624	false	6311	2019-02-05T23:06:41.000Z
blogginginside	3.624	false	138377	2019-05-28T11:31:08.000Z
Jacobs_Lu	3.624	false	436	2019-02-20T15:27:01.000Z
GroundReport	3.541	false	1720	2017-04-03T08:37:19.000Z
FreieWahl	3.365	false	221	2013-09-17T09:01:13.000Z
kickDE	3.365	false	8955	2019-05-28T06:39:32.000Z
LPDBerlin	3.365	false	432	2017-06-24T12:07:46.000Z
thebergberlin	3.365	false	169	2015-03-19T13:07:46.000Z
ASBinBerlin	3.273	false	146	2019-04-24T08:20:58.000Z
immoNewsBerlin	3.179	false	35	2015-10-19T15:51:29.000Z
tagesschau_blog	3.179	false	82874	2016-10-19T16:28:21.000Z
InternetEnquete	3.082	false	6538	2013-06-28T10:31:07.000Z
mediaocean	3.082	false	1390	2017-07-13T19:38:49.000Z
AndyFlowtrail	2.984	false	5	2019-03-09T21:23:54.000Z
denuse	2.984	false	562	2018-10-29T14:59:14.000Z
gegenkultur	2.984	false	472	2014-07-21T10:36:58.000Z
RMonline	2.984	false	1441	2010-12-02T12:19:44.000Z
SenGPG	2.984	true	1706	2019-05-28T11:49:49.000Z
berlinpolice	2.884	false	3473	2018-12-04T04:46:33.000Z
bleip	2.884	false	46	2012-01-30T00:15:29.000Z
BLN_unlike	2.884	false	10786	2015-06-25T09:29:04.000Z
Juli_Fox	2.884	false	336	2017-10-16T21:14:01.000Z
MietzeKulisch	2.884	false	11	2019-04-25T13:43:32.000Z
NetzReport	2.884	false	8035	2019-05-07T11:27:39.000Z
TspCheckpoint	2.884	false	2040	2019-05-28T20:23:07.000Z
xberg	2.884	false	2823	2016-09-12T08:22:28.000Z
2muchin4mation	2.783	false	8535	2019-05-28T22:00:33.000Z
commentarist	2.783	false	432	2013-03-06T10:00:02.000Z
digitalerwandel	2.783	false	454	2018-02-19T20:41:08.000Z
Drutsche	2.783	false	174	2019-05-25T00:02:53.000Z
fhsberlin	2.783	false	119	2019-05-15T14:42:49.000Z
michaelreuter	2.783	false	3921	2019-05-28T17:51:04.000Z
pnn_potsdam	2.783	false	1438	2015-02-12T20:59:02.000Z
rechercheblog	2.783	false	491	2017-08-23T10:38:26.000Z
ScienceMatch	2.783	false	766	2019-05-20T18:21:45.000Z
SenSWBerlin	2.783	false	1619	2019-05-28T12:06:50.000Z
SPIEGEL_24	2.783	true	17050	2019-05-27T15:33:03.000Z
spiralteppich	2.783	false	982	2017-05-08T20:49:39.000Z
AUSSRGWNLCHBLN	2.681	false	314	2019-05-28T07:29:00.000Z
BaLichtenberg	2.681	false	625	2019-05-28T12:12:04.000Z
berlinwebweek	2.681	false	13376	2017-01-19T16:48:44.000Z
MaikeEdda	2.681	false	91	2017-01-26T12:29:13.000Z
SarahMewes	2.681	false	65	2018-04-10T06:13:27.000Z
dreasans	2.578	false	82	2018-04-29T09:39:24.000Z
floniedermann	2.578	false	130	2019-05-23T21:21:13.000Z
hskltr	2.578	false	588	2019-05-10T09:12:33.000Z
MarisHubschmid	2.578	false	220	2019-05-23T18:23:14.000Z
off_the_record	2.578	false	18129	2019-05-28T10:59:35.000Z
PressBerlinale	2.578	false	4670	2019-05-14T12:42:14.000Z
q1fanty	2.578	false	60	2019-04-24T20:08:25.000Z
schaetzlein	2.578	false	711	2017-04-23T17:18:07.000Z
tip_Berlin	2.578	false	29452	2019-05-28T08:34:52.000Z
TspWissenschaft	2.578	false	615	2019-05-28T15:27:25.000Z
berlinblase	2.475	false	752	2011-12-07T17:06:12.000Z
BerlinClubs	2.475	false	3682	2008-07-22T04:48:18.000Z
bildungsstreik	2.475	false	2573	2018-10-06T14:01:43.000Z
TspBackgroundDi	2.475	false	2367	2019-05-28T12:29:32.000Z
wuv	2.475	true	110522	2019-05-28T16:04:54.000Z
boris_buchholz	2.372	false	276	2019-05-24T13:35:01.000Z
joachimzeller	2.372	false	595	2009-06-05T15:11:57.000Z
JoSchaefers	2.372	false	1006	2011-07-18T22:54:19.000Z
mehr_demokratie	2.372	false	12135	2019-05-28T09:11:21.000Z
theeuropean	2.372	true	25385	2019-05-28T13:34:34.000Z
TrainofHope_B	2.372	false	1683	2016-12-24T15:48:44.000Z
FieldTripBerlin	2.270	false	385	2019-05-28T22:25:10.000Z
FU_Berlin	2.270	true	14530	2019-05-28T15:55:07.000Z
hans_g_kegel	2.270	false	742	2019-05-14T04:57:48.000Z
Stolpertweets	2.270	false	1063	2017-08-01T21:15:29.000Z
die_anjuschka	2.168	false	309	2019-05-20T20:59:55.000Z
digitalpast	2.168	false	10081	2015-06-01T21:01:07.000Z
drk_berlin	2.168	true	2520	2019-05-23T14:59:03.000Z
monsieur_zero	2.168	false	188	2019-05-06T13:47:50.000Z
nicolesimon	2.168	false	20622	2019-05-09T21:35:50.000Z
shamebot_de	2.168	false	218	2019-05-28T16:23:37.000Z
snv_berlin	2.168	false	4137	2019-05-28T15:21:28.000Z
WeltSparen	2.168	false	1179	2019-05-27T11:32:09.000Z
10585Berlin	2.068	false	623	2016-11-02T09:27:45.000Z
AGH_Berlin	2.068	true	2604	2019-05-28T14:17:35.000Z
DieKolumnisten	2.068	false	539	2019-05-27T14:17:30.000Z
fraujulie	2.068	false	1479	2019-02-16T19:45:46.000Z
journalismuscom	2.068	false	315	2015-04-08T06:15:41.000Z
LAF_Berlin	2.068	true	1023	2019-05-28T13:53:25.000Z
lokalblogger	2.068	false	359	2015-06-03T12:18:37.000Z
ojour_de	2.068	false	1522	2019-05-28T09:33:20.000Z
SPIEGEL_Rezens	2.068	true	65296	2019-05-28T18:47:33.000Z
sportgeschichte	2.068	false	15631	2019-01-08T11:15:56.000Z
UniSPIEGEL	2.068	true	46087	2019-05-28T08:59:05.000Z
Attac_friends	1.969	false	8178	2019-05-28T16:36:07.000Z
BA_Xhain	1.969	false	1543	2019-05-28T14:32:25.000Z
CSchwietering	1.969	false	218	2019-05-26T18:38:39.000Z
DavidRollik	1.969	false	246	2018-02-09T16:59:40.000Z
DLRG_Berlin	1.969	false	373	2018-08-19T16:26:17.000Z
elbpolitico	1.969	false	199	2015-11-25T11:43:16.000Z
exberlinermag	1.969	false	20059	2019-05-27T11:51:03.000Z
Jay16K	1.969	false	1218	2018-12-30T15:04:02.000Z
mr94	1.969	false	2734	2019-05-21T16:16:01.000Z
TspAuktion	1.969	false	66	2019-05-12T07:34:44.000Z
viktorhaase	1.969	false	502	2010-08-08T13:06:17.000Z
AleppoMarch	1.871	false	2381	2018-06-19T12:50:26.000Z
dittes	1.871	true	7774	2019-05-22T21:16:45.000Z
Euphoriefetzen	1.871	false	4377	2017-12-18T18:42:44.000Z
fra_ziska	1.871	false	300	2019-03-26T14:25:11.000Z
martinweigert	1.871	true	7885	2019-05-25T19:47:42.000Z
MichaelHanfeld	1.871	false	787	2017-06-05T20:47:10.000Z
MIZBabelsberg	1.871	false	1824	2019-05-28T13:06:00.000Z
newsaktuell	1.871	true	12360	2019-05-28T13:50:06.000Z
ParaZeitung	1.871	false	688	2019-05-27T11:01:26.000Z
Tierspiegel	1.871	false	43	2019-05-25T23:05:32.000Z
TspBackgroundEK	1.871	false	1900	2019-05-28T17:14:46.000Z
winloadnews	1.871	false	366	2015-04-02T09:54:46.000Z
Anfragen_AGH	1.776	false	704	2016-07-19T19:09:49.000Z
BerlinChaWi	1.776	false	401	2019-05-28T06:58:45.000Z
berlinentscheid	1.776	false	173	2017-05-26T09:45:54.000Z
carlaneuhaus	1.776	false	705	2019-05-22T05:50:52.000Z
ChristophSeils	1.776	false	468	2019-04-24T06:07:38.000Z
Doodle_DE	1.776	true	5098	2018-11-09T16:22:42.000Z
ggbo_de	1.776	false	1492	2019-05-28T16:29:16.000Z
HuberJoachim	1.776	false	1389	2019-05-27T15:35:55.000Z
Ibo	1.776	true	23246	2019-05-16T09:36:31.000Z
lea_die_da	1.776	false	391	2019-05-28T09:02:01.000Z
Maulbeer	1.776	false	18	2018-06-23T16:32:09.000Z
mfnberlin	1.776	true	8191	2019-05-28T14:09:10.000Z
mgg_tsp	1.776	false	207	2019-05-28T12:47:51.000Z
StartupVerband	1.776	false	16252	2019-05-28T22:01:57.000Z
SwissBankingSBA	1.776	false	7884	2019-05-28T15:02:17.000Z
ThisWaste	1.776	false	666	2017-05-11T05:39:54.000Z
ukbberlin	1.776	false	1209	2019-05-24T12:43:37.000Z
BerlinTempSchbg	1.683	false	824	2019-05-28T13:15:29.000Z
f_schmidt_BB	1.683	false	3089	2019-05-28T21:07:32.000Z
Hannah_LBerg	1.683	true	2151	2019-05-28T07:56:38.000Z
JDemnitz	1.683	false	265	2019-05-19T17:04:15.000Z
Journisprech	1.683	false	154	2012-11-15T07:16:01.000Z
marieamrhein	1.683	false	282	2017-08-18T09:51:49.000Z
pauli_faust	1.683	false	135	2019-05-26T13:44:20.000Z
SchmitzHeinrich	1.683	false	978	2019-05-28T14:18:23.000Z
TspBackgroundMT	1.683	false	505	2019-05-28T08:01:17.000Z
WTalke	1.683	false	234	2019-04-27T19:08:55.000Z
akeemo	1.592	false	26	2014-03-03T10:06:43.000Z
Bezirksamt_RDF	1.592	false	232	2016-11-01T14:58:53.000Z
CSD_Berlin	1.592	false	2621	2019-05-28T16:27:28.000Z
hauptstadtzoos	1.592	false	1219	2019-05-06T13:09:43.000Z
indymediagerman	1.592	false	4020	2014-05-02T09:29:45.000Z
johanneseber	1.592	false	489	2019-05-27T13:46:32.000Z
MKuball	1.592	false	287	2019-05-27T13:03:18.000Z
pankowgoere	1.592	false	245	2019-05-21T11:42:08.000Z
SenWiEnBe	1.592	true	3742	2019-05-28T17:38:18.000Z
williamveder	1.592	false	318	2019-05-28T23:41:27.000Z
artinberlin	1.504	false	44238	2019-05-28T11:25:15.000Z
berlinergazette	1.504	false	2283	2019-04-09T07:11:22.000Z
BRLNRwirtschaft	1.504	false	540	2019-05-28T15:00:03.000Z
Christfrau	1.504	false	1805	2019-05-27T21:41:21.000Z
const_nauhaus	1.504	false	512	2019-04-20T10:08:05.000Z
drumba	1.504	false	236	2016-11-01T20:47:13.000Z
JoachimFahrun	1.504	false	2044	2019-05-27T08:59:28.000Z
next247	1.504	false	603	2012-09-25T14:52:45.000Z
tvberlin	1.504	false	1207	2019-05-24T15:08:36.000Z
twitkid	1.504	false	159	2018-05-09T17:25:48.000Z
updayDE	1.504	true	1333	2019-05-28T17:15:45.000Z
Volksentscheid	1.504	false	10132	2019-05-27T07:21:15.000Z
WirNachbarn	1.504	false	160	2017-07-18T12:32:29.000Z
Zeitspielmag	1.504	false	885	2019-05-27T12:50:13.000Z
agoerlach	1.419	true	2336	2019-05-28T08:15:07.000Z
bleiwuesten	1.419	false	2487	2019-02-02T14:22:09.000Z
Christiansn	1.419	false	989	2019-05-27T00:59:36.000Z
cora_vb	1.419	false	491	2019-05-28T21:24:13.000Z
Corinna_Cerruti	1.419	false	395	2019-05-28T04:23:15.000Z
furukama	1.419	true	7559	2019-05-27T19:21:16.000Z
hootsuite	1.419	true	7879625	2019-05-29T02:15:04.000Z
IngaBarthels	1.419	false	134	2019-05-28T10:18:29.000Z
jeskejens	1.419	false	54	2017-04-03T17:17:36.000Z
JKugoth	1.419	false	654	2019-05-27T09:21:40.000Z
Kampagnenwatch	1.419	false	546	2015-04-26T07:23:08.000Z
LeaPale	1.419	false	390	2013-12-03T13:28:34.000Z
livekritik_de	1.419	false	4267	2018-07-04T18:00:57.000Z
midahli	1.419	false	389	2019-05-06T12:39:18.000Z
nantkegarrelts	1.419	false	293	2019-05-24T12:26:06.000Z
NZ_Online	1.419	true	83764	2019-05-28T19:02:47.000Z
SenIAS_Berlin	1.419	false	2250	2019-05-28T15:33:42.000Z
tobiwei	1.419	false	501	2017-05-29T20:25:07.000Z
zitty	1.419	false	6622	2019-05-28T15:33:11.000Z
BayViertel	1.337	false	1114	2019-05-28T18:00:27.000Z
BerlinGestalter	1.337	true	1079	2018-08-06T17:36:23.000Z
BerlinNkl	1.337	false	1235	2019-05-24T11:46:57.000Z
BILD_HerthaBSC	1.337	false	14994	2019-05-28T20:55:51.000Z
BU_eV	1.337	false	2152	2019-04-24T08:46:00.000Z
GaertenderWelt	1.337	false	1722	2019-03-29T13:26:16.000Z
handelsverband	1.337	false	4922	2019-05-28T12:47:09.000Z
lmaicher	1.337	false	573	2019-03-18T20:24:30.000Z
news_de	1.337	false	3446	2019-04-26T16:54:43.000Z
polidiagmbh	1.337	false	7090	2019-05-24T12:48:38.000Z
senfin	1.337	true	2647	2019-05-28T11:52:31.000Z
SimonGrothe	1.337	false	153	2015-11-08T22:23:45.000Z
TheLocalGermany	1.337	true	28804	2019-05-28T15:35:34.000Z
TspLeuteChaWi	1.337	false	215	2019-05-27T10:48:12.000Z
welcomecamp	1.337	false	527	2019-05-28T13:01:15.000Z
BILD_Berlin	1.258	true	56509	2019-05-28T20:56:20.000Z
cduberlin	1.258	true	2733	2019-05-27T12:22:47.000Z
f_schaeffler	1.258	true	10319	2019-05-28T20:25:47.000Z
fubrennt	1.258	false	296	2011-11-17T11:09:46.000Z
googlewatchblog	1.258	false	7353	2019-05-28T17:07:26.000Z
janalotze	1.258	false	99	2016-07-05T18:02:57.000Z
Kluegstenacht	1.258	true	1650	2019-05-28T16:18:27.000Z
kressZwitscher	1.258	true	95161	2019-05-28T13:13:18.000Z
maxtholl	1.258	false	342	2019-05-28T07:22:51.000Z
Mobility_TSP	1.258	false	924	2019-04-24T14:10:37.000Z
Netzpiloten	1.258	true	34787	2019-05-28T11:59:26.000Z
OomenBerlin	1.258	false	79686	2019-05-28T21:29:35.000Z
smwberlin	1.258	false	2711	2018-12-18T19:06:07.000Z
stoerungsblog	1.258	false	16685	2019-05-25T13:25:24.000Z
tillnm	1.258	false	3440	2019-05-28T13:04:09.000Z
unipotsdam	1.258	false	5762	2019-05-28T14:00:01.000Z
VELOBerlin	1.258	false	2134	2019-04-10T10:16:52.000Z
ZukunftBerlin	1.258	false	3060	2019-05-28T15:53:40.000Z
AktionDemograph	1.182	false	1495	2019-04-23T09:37:03.000Z
berghain	1.182	true	54635	2019-05-02T08:34:03.000Z
BlockupyBerlin	1.182	false	3409	2019-05-28T14:52:19.000Z
fabianbraun	1.182	false	345	2019-05-18T09:03:17.000Z
frank93	1.182	false	1895	2009-07-22T23:33:56.000Z
freedomhouse	1.182	true	82325	2019-05-29T01:28:16.000Z
GrueneFraktionB	1.182	true	8360	2019-05-28T13:25:48.000Z
OliverBerger	1.182	false	3722	2019-05-27T19:10:34.000Z
publikforum	1.182	false	1709	2019-05-28T10:11:08.000Z
Schuckerhaft	1.182	false	960	2019-05-17T10:16:15.000Z
SchulzesKatrin	1.182	false	636	2019-05-27T20:30:53.000Z
SenUVKBerlin	1.182	false	5122	2019-05-28T17:36:52.000Z
Storymaker	1.182	false	2927	2019-05-14T09:51:59.000Z
TspVerlag	1.182	false	667	2019-05-27T11:59:44.000Z
viethentus	1.182	false	2201	2019-05-28T21:54:39.000Z
WissellBruecke	1.182	false	229	2018-12-20T09:31:01.000Z
bbcelection	1.109	true	61640	2019-05-27T13:50:54.000Z
berlin_2018	1.109	false	3234	2018-08-25T13:11:42.000Z
Bezirksamt_MaHe	1.109	false	276	2019-05-28T16:35:02.000Z
Bitkom	1.109	true	71860	2019-05-28T08:37:45.000Z
BundesSG	1.109	false	678	2019-05-23T08:48:30.000Z
ddrmuseum	1.109	true	10977	2019-05-28T17:01:05.000Z
Djangojones	1.109	false	361	2019-05-26T08:33:08.000Z
dw_deutsch	1.109	true	71948	2019-05-28T19:49:00.000Z
freie_presse	1.109	true	11714	2019-05-28T19:45:00.000Z
GdPHauptstadt	1.109	false	1027	2019-05-28T10:27:14.000Z
gigold	1.109	false	2773	2019-05-28T07:42:00.000Z
GStABerlin	1.109	false	7568	2019-05-28T13:25:28.000Z
jaguth	1.109	false	237	2019-05-06T15:00:43.000Z
jens_tartler	1.109	false	700	2019-05-27T09:24:45.000Z
Jochen	1.109	true	45754	2019-05-28T05:51:51.000Z
KathaBecker_	1.109	false	289	2018-08-24T19:23:28.000Z
madlen_hapunkt	1.109	false	932	2019-05-27T09:44:20.000Z
MCB_Berlin	1.109	false	2638	2019-05-09T13:17:17.000Z
nicolaskb	1.109	false	10478	2019-05-28T11:09:16.000Z
ninastahr	1.109	false	1532	2019-05-28T19:49:23.000Z
sachwitz	1.109	false	545	2019-05-20T06:44:35.000Z
schreiberling_	1.109	false	320	2015-12-31T14:57:19.000Z
so36berlin	1.109	false	3352	2019-05-17T13:31:24.000Z
thomasweyres	1.109	false	349	2019-05-27T14:25:57.000Z
absonderland	1.040	false	388	2019-05-16T07:10:07.000Z
BeingLiberal	1.040	false	9758	2019-05-28T01:32:02.000Z
berfrois	1.040	false	49077	2019-05-28T16:23:23.000Z
BM_Polizei	1.040	false	5676	2019-05-29T01:31:02.000Z
brandeins	1.040	false	160175	2019-05-27T10:48:46.000Z
buchmesse	1.040	true	19837	2019-05-27T11:02:40.000Z
DIW_Berlin	1.040	true	12639	2019-05-28T15:00:10.000Z
einestages	1.040	true	30135	2019-05-28T21:44:04.000Z
FDPFraktionBLN	1.040	false	1739	2019-05-28T15:35:18.000Z
gruene_berlin	1.040	true	15299	2019-05-28T12:26:28.000Z
HandelsblattGE	1.040	true	14206	2019-02-27T14:43:51.000Z
HKW_Berlin	1.040	false	9117	2019-05-28T16:00:00.000Z
hnshck	1.040	false	1266	2019-05-28T08:43:05.000Z
KASonline	1.040	true	15257	2019-05-28T19:10:11.000Z
Klaus_Mueller	1.040	true	5062	2019-05-28T14:59:44.000Z
kreuzberged	1.040	false	7569	2019-05-28T18:34:47.000Z
kwerfeldein	1.040	false	11651	2019-05-28T11:07:38.000Z
MerlindGruen	1.040	false	71	2019-03-18T15:14:59.000Z
Niebisch	1.040	false	885	2019-05-22T07:49:28.000Z
Onko	1.040	false	416	2018-03-08T17:37:38.000Z
popkulturjunkie	1.040	false	19189	2019-05-28T06:27:03.000Z
TimSchmuckall	1.040	false	3116	2019-05-28T22:11:54.000Z
UraniaBerlin	1.040	false	938	2019-05-27T14:40:05.000Z
bpol_air_fra	0.973	true	16114	2019-05-28T14:56:59.000Z
BSR_de	0.973	false	2971	2019-05-28T09:25:57.000Z
CarolinBruehl	0.973	false	506	2019-05-23T09:06:04.000Z
ChristianePeitz	0.973	false	742	2019-05-09T11:14:34.000Z
civey_de	0.973	false	2596	2019-05-28T12:16:36.000Z
claudiasuender	0.973	false	504	2019-05-25T15:13:20.000Z
GKreijger	0.973	false	146	2018-10-29T16:19:52.000Z
HumboldtUni	0.973	true	19083	2019-05-28T14:40:26.000Z
julius01	0.973	false	1291	2019-05-27T09:07:48.000Z
ka__os	0.973	false	276	2018-07-12T11:19:02.000Z
klauseck	0.973	true	44998	2019-05-28T21:05:08.000Z
knorkatormusik	0.973	false	1282	2019-05-25T10:32:53.000Z
Markus_Luc	0.973	false	160	2019-05-28T06:52:40.000Z
mhstiftung	0.973	false	2564	2019-05-28T09:11:15.000Z
nele_jensch	0.973	false	284	2019-05-28T18:45:13.000Z
Ralf_Nestler	0.973	false	714	2019-05-28T18:23:15.000Z
slowberlin	0.973	false	19817	2019-05-20T14:05:39.000Z
TspBRLNR	0.973	false	1114	2019-05-26T19:21:55.000Z
TspZehlendorf	0.973	false	1636	2019-05-28T17:58:09.000Z
urban_media	0.973	false	85	2010-09-01T14:40:40.000Z
VISIONS_mag	0.973	false	14387	2019-05-28T10:28:04.000Z
berlin_juliane	0.910	false	960	2019-05-27T13:00:05.000Z
BikerPankow	0.910	false	785	2019-05-28T19:17:00.000Z
breitenbach	0.910	false	5075	2019-05-05T17:11:14.000Z
BZPolizei	0.910	false	4071	2019-05-28T13:24:24.000Z
clio_berlin	0.910	false	380	2017-08-24T11:25:53.000Z
dc79	0.910	false	1021	2019-05-27T10:00:05.000Z
Dirk_Behrendt	0.910	true	4413	2019-05-28T13:16:30.000Z
Erik_Reger	0.910	false	904	2019-05-28T18:03:06.000Z
fiene	0.910	true	23988	2019-05-28T22:00:42.000Z
FilmfestivalsB	0.910	false	6324	2019-05-28T10:54:18.000Z
glob_solutions	0.910	false	5179	2019-05-28T12:05:00.000Z
GYGeorg	0.910	true	3774	2019-05-28T22:38:41.000Z
hanslaunisch	0.910	false	123	2019-05-28T08:03:54.000Z
HolgerSchmidt	0.910	true	62904	2019-05-28T11:36:02.000Z
Horizont	0.910	true	48052	2019-05-28T20:44:56.000Z
iRightsinfo	0.910	false	5648	2019-05-25T09:05:19.000Z
Isopoda	0.910	false	89	2019-05-28T21:16:42.000Z
justus_vdaniels	0.910	false	892	2019-05-27T14:51:08.000Z
KopietzAndreas	0.910	false	5393	2019-05-28T18:08:39.000Z
LauHofmann	0.910	false	5610	2019-05-28T16:27:12.000Z
mainpost	0.910	true	9402	2019-05-28T20:10:31.000Z
MikeSchnoor	0.910	true	6408	2019-05-26T19:52:21.000Z
NAfanasjew	0.910	false	280	2017-04-28T12:43:22.000Z
stephanwoznitza	0.910	false	676	2019-05-27T17:51:42.000Z
_davidmeidinger	0.851	false	129	2019-05-13T09:02:30.000Z
Abendzeitung	0.851	true	57347	2019-05-28T18:45:10.000Z
afkberlin	0.851	false	737	2019-04-24T08:57:45.000Z
AJK_Kuhlmann	0.851	false	2684	2019-05-28T16:01:48.000Z
AnettKirchner	0.851	false	4140	2019-05-28T15:52:27.000Z
BlendleDE	0.851	true	5920	2019-05-28T18:04:02.000Z
Chartbeat	0.851	true	28052	2019-05-28T19:15:11.000Z
ChristophFDP	0.851	true	1576	2019-05-28T16:25:13.000Z
DB_Info	0.851	true	108825	2019-05-28T17:30:40.000Z
ESA_de	0.851	true	39886	2019-05-28T10:58:25.000Z
FESonline	0.851	true	21196	2019-05-28T12:12:58.000Z
flor8i	0.851	false	193	2019-05-27T19:15:33.000Z
hbortels	0.851	false	1367	2019-05-28T15:46:03.000Z
KircheBerlin	0.851	false	2138	2019-05-25T00:01:29.000Z
LarsHinrichs	0.851	false	15275	2019-05-22T20:09:45.000Z
NovoArgumente	0.851	false	6021	2019-05-28T20:35:33.000Z
pdomondi	0.851	false	48	2019-05-27T15:32:18.000Z
SaraSchurmann	0.851	false	1464	2019-05-28T18:44:56.000Z
SelBettendorf	0.851	false	152	2019-05-24T11:59:07.000Z
tkkinstant	0.851	false	4181	2019-04-01T12:38:25.000Z
uploadmag	0.851	false	4251	2019-05-28T17:32:01.000Z
wahl_de	0.851	false	6363	2019-05-21T12:10:45.000Z
woerterklang	0.851	false	139	2018-03-28T09:12:47.000Z
WZB_Berlin	0.851	false	8867	2019-05-28T12:19:55.000Z
ZEITmagazin	0.851	false	41370	2019-05-28T17:28:01.000Z
ZRamadani84	0.851	false	1122	2018-12-07T10:09:27.000Z
BerlinSZ	0.794	false	1221	2019-05-28T05:00:45.000Z
coberlin	0.794	false	13240	2019-05-28T14:00:01.000Z
crackr	0.794	false	1820	2019-05-25T17:30:08.000Z
fegebanks	0.794	true	7594	2019-05-27T08:46:22.000Z
FionaMackieSky	0.794	false	1429	2019-03-07T18:20:03.000Z
FuchsOfficial	0.794	true	174073	2019-05-28T04:02:10.000Z
HelenaWittlich	0.794	false	620	2019-05-23T16:15:32.000Z
hsc55	0.794	false	1204	2019-05-24T08:20:34.000Z
hubertus_knabe	0.794	false	4536	2019-05-28T05:49:32.000Z
ihoelt	0.794	false	4534	2019-05-28T20:55:18.000Z
janoberlaender	0.794	false	905	2019-05-20T20:55:17.000Z
JusosBerlin	0.794	false	3907	2019-05-28T12:34:02.000Z
lorenzlm	0.794	false	1344	2019-05-26T18:37:28.000Z
Malteser_	0.794	false	2064	2017-05-31T20:35:13.000Z
MaxPolonyi	0.794	false	212	2019-03-17T16:00:43.000Z
MDIntegration	0.794	false	4809	2019-05-28T14:35:52.000Z
ReadlyDE	0.794	false	1030	2019-05-16T08:19:12.000Z
RegBerlin	0.794	true	9959	2019-05-28T14:53:07.000Z
s_hermanns	0.794	false	890	2019-05-28T14:55:14.000Z
smwatchblog	0.794	false	7827	2019-05-28T13:13:48.000Z
SusanneIstanbul	0.794	false	742	2019-05-24T15:08:15.000Z
TspCausa	0.794	false	2470	2019-05-22T11:20:58.000Z
UlliZelle	0.794	false	873	2019-05-18T14:39:31.000Z
ulrikelanger	0.794	true	13957	2019-04-25T15:26:57.000Z
venohr	0.794	true	4737	2019-05-27T14:12:09.000Z
ABDA_Berlin	0.741	false	2585	2019-05-28T12:35:56.000Z
ADFC_Berlin	0.741	false	5571	2019-05-28T20:20:09.000Z
BerlinPkow	0.741	false	1211	2019-05-28T12:43:15.000Z
BjoernSeeling	0.741	false	1190	2019-05-23T18:24:31.000Z
boell_stiftung	0.741	true	39522	2019-05-28T17:33:06.000Z
Crickerts	0.741	true	994	2019-05-23T09:12:01.000Z
DLF_Berlin	0.741	false	4962	2019-05-28T10:42:41.000Z
Georg_Pazderski	0.741	true	14685	2019-05-28T20:47:03.000Z
HalloTurner	0.741	false	219	2015-03-22T17:16:14.000Z
HannesSoltau	0.741	false	382	2019-05-10T04:34:17.000Z
Hartplatzhelden	0.741	false	1793	2019-03-26T09:20:39.000Z
HAZkompakt	0.741	false	67	2009-05-07T15:49:50.000Z
jkleske	0.741	false	6854	2019-05-27T15:54:56.000Z
Katina_Schubert	0.741	true	3817	2019-05-28T14:14:01.000Z
Lillipulaura	0.741	true	814	2019-05-28T13:04:34.000Z
MatthiasJauch	0.741	false	357	2019-05-23T09:43:19.000Z
Michael_Gegg	0.741	false	204	2019-05-27T13:15:42.000Z
ntvde	0.741	true	600982	2019-05-28T23:33:03.000Z
philwitt	0.741	false	1380	2019-05-26T18:14:02.000Z
r_ciesielski	0.741	false	345	2019-05-28T16:47:23.000Z
radiovladi	0.741	false	491	2019-05-27T06:25:12.000Z
republica	0.741	false	104008	2019-05-28T13:52:58.000Z
SZ_Digital	0.741	true	37645	2019-05-28T08:52:38.000Z
taz_berlin	0.741	false	4085	2019-05-28T16:00:34.000Z
taz_news	0.741	false	53894	2019-05-28T17:37:16.000Z
TOfilmfest	0.741	false	43693	2016-09-29T23:30:45.000Z
TspMonitoringGP	0.741	false	1038	2019-05-28T10:54:45.000Z
TSPSonntag	0.741	false	3918	2019-05-28T16:47:00.000Z
wblau	0.741	true	49873	2019-05-28T21:19:01.000Z
AxelGustke	0.690	false	121	2019-05-25T16:24:29.000Z
BA_Mitte_Berlin	0.690	true	2037	2019-05-28T16:58:42.000Z
BerlinTK	0.690	true	1526	2019-05-28T14:48:54.000Z
BerndZiesemer	0.690	false	2345	2019-05-28T20:09:54.000Z
brutwut	0.690	false	133	2019-05-28T22:11:42.000Z
CMlerBerlin	0.690	false	1599	2019-05-28T23:44:15.000Z
correctiv_org	0.690	true	45922	2019-05-28T15:48:27.000Z
detektorfm	0.690	true	9347	2019-05-28T20:41:33.000Z
Deutschland8er	0.690	false	2872	2019-05-27T12:33:12.000Z
DHMBerlin	0.690	true	8558	2019-05-28T14:51:30.000Z
FabianLeber	0.690	false	1531	2019-03-03T13:21:15.000Z
Firas_Alshater	0.690	true	2291	2019-05-27T09:22:48.000Z
Hopeman16	0.690	false	644	2018-09-21T12:50:06.000Z
i_m_not_here	0.690	false	49	2010-08-05T11:04:51.000Z
J_Graeber	0.690	false	730	2019-05-28T19:14:52.000Z
KiezInAktion	0.690	false	1750	2019-05-28T18:03:33.000Z
kirchentag_de	0.690	false	6798	2019-05-28T12:40:12.000Z
KitHolden	0.690	false	2069	2019-05-28T11:21:49.000Z
lr_online	0.690	false	5893	2019-05-28T18:15:05.000Z
nora_zaremba	0.690	false	1268	2019-05-28T11:33:25.000Z
norrix	0.690	false	127	2016-04-25T19:37:06.000Z
openDemocracy	0.690	false	74129	2019-05-28T19:30:01.000Z
Provinzkind	0.690	false	305	2019-05-28T16:12:14.000Z
SebChristBerlin	0.690	false	942	2019-05-28T13:54:44.000Z
solokarpfen	0.690	false	258	2019-05-17T05:05:03.000Z
SPIEGEL_alles	0.690	true	95501	2019-05-28T23:23:15.000Z
stefanaust	0.690	true	77345	2019-05-23T14:17:55.000Z
Stolpersteine_B	0.690	false	2190	2019-05-28T07:58:02.000Z
TennisBorussia	0.690	false	2435	2019-05-25T10:23:42.000Z
Tieresindfreaks	0.690	true	12869	2019-05-28T16:15:33.000Z
transmediale	0.690	false	26102	2019-05-27T11:01:34.000Z
Ullstein	0.690	false	11190	2019-05-28T16:12:59.000Z
Zett	0.690	true	20386	2019-05-28T14:20:00.000Z
zoomer_de	0.690	false	415	2009-04-07T13:33:39.000Z
1843mag	0.643	true	80857	2019-05-28T17:36:10.000Z
AGrieben	0.643	false	393	2019-04-18T13:32:08.000Z
berlinale	0.643	true	89958	2019-05-14T12:42:36.000Z
BerlinDigital	0.643	false	1471	2019-05-28T16:35:11.000Z
chstrobel	0.643	false	626	2019-05-12T07:20:55.000Z
DB_Bahn	0.643	true	88007	2019-05-28T20:08:00.000Z
FAZ_NET	0.643	true	44242	2019-05-29T01:48:34.000Z
flschmidinger	0.643	false	122	2019-05-09T08:16:41.000Z
flueke	0.643	false	9118	2019-05-28T20:59:55.000Z
fraukausk	0.643	false	441	2019-05-28T23:10:45.000Z
HelenaBengtsson	0.643	false	2554	2018-11-07T08:40:40.000Z
hungerherz	0.643	false	2105	2019-05-28T18:50:32.000Z
jubayern	0.643	false	6100	2019-05-24T09:56:45.000Z
KPNiko	0.643	false	738	2019-05-17T15:44:52.000Z
LEAD_digital	0.643	false	4660	2019-05-28T14:40:41.000Z
MartinPallgen	0.643	false	1530	2019-05-28T12:05:33.000Z
MEEDIA	0.643	true	108848	2019-05-28T16:12:25.000Z
michelpenke	0.643	false	1722	2019-05-24T20:29:16.000Z
mitvergnuegen	0.643	false	7568	2019-03-12T10:58:51.000Z
Nannenschule	0.643	false	3204	2019-03-25T13:49:26.000Z
nico_schmidt	0.643	false	792	2019-05-27T08:24:48.000Z
Queerspiegel	0.643	false	8864	2019-05-28T20:46:27.000Z
ralfschoenball	0.643	false	601	2019-05-27T06:49:57.000Z
Report_Antisem	0.643	false	9973	2019-05-28T19:45:35.000Z
ReportagenFM	0.643	false	4060	2019-05-28T11:05:11.000Z
Robert_Kiesel	0.643	false	901	2019-05-28T12:41:12.000Z
SebastianTurner	0.643	false	1027	2019-05-26T10:18:33.000Z
SenKultEu	0.643	true	2892	2019-05-28T13:41:35.000Z
SueEhlerding	0.643	false	2483	2019-05-28T21:03:04.000Z
svle	0.643	false	121	2012-12-03T10:47:42.000Z
TimKlimes	0.643	true	1082	2019-05-22T20:06:40.000Z
Tsp_Spandau	0.643	false	1296	2019-05-28T18:05:40.000Z
TspLeute	0.643	false	4762	2019-05-28T22:03:14.000Z
VerkehrBerlin	0.643	false	2438	2019-05-28T07:36:47.000Z
visitberlin	0.643	true	88205	2019-05-28T16:25:01.000Z
zeigor	0.643	false	3889	2019-05-28T14:13:46.000Z
Antje_Kapek	0.598	true	4955	2019-05-28T20:18:42.000Z
ArminLehmann	0.598	false	1673	2019-05-25T08:47:50.000Z
bento_de	0.598	true	18577	2019-05-28T17:27:54.000Z
berlinstations	0.598	false	88	2017-03-08T16:10:11.000Z
bjoern	0.598	false	4318	2019-05-24T06:41:51.000Z
BVG_Bus	0.598	true	39051	2019-05-28T18:00:36.000Z
CaroWiemann	0.598	false	595	2019-05-23T14:56:19.000Z
Christiane	0.598	false	5070	2019-05-28T18:06:52.000Z
corinnasegelken	0.598	false	177	2019-05-28T18:06:04.000Z
Eisbaeren_B	0.598	true	20263	2019-05-28T20:00:45.000Z
FrauMotzek	0.598	false	355	2019-05-28T19:46:49.000Z
GaySiegessaeule	0.598	false	7674	2019-05-28T13:07:04.000Z
gruenderszene	0.598	true	192108	2019-05-28T16:05:07.000Z
JakobSchlandt	0.598	false	2722	2019-05-28T21:19:17.000Z
juleschmule	0.598	false	909	2019-05-10T18:01:08.000Z
julianmieth	0.598	true	2215	2019-05-28T14:37:46.000Z
kajott	0.598	false	106	2018-10-14T12:03:48.000Z
katjafuechsel	0.598	false	1261	2019-05-28T12:24:50.000Z
Kiez_Web_Team	0.598	false	1240	2019-05-28T22:26:12.000Z
Lena_Niethammer	0.598	false	1595	2019-05-25T18:53:59.000Z
LieblingXhain	0.598	false	5781	2019-05-28T21:50:17.000Z
LinksfraktionB	0.598	true	6060	2019-05-28T19:31:01.000Z
MarkusEhrenberg	0.598	false	109	2019-05-28T13:21:22.000Z
mmeckel	0.598	true	52412	2019-05-28T16:23:07.000Z
MonikaHerrmann1	0.598	false	6995	2019-05-28T20:38:38.000Z
mortsiefer1	0.598	false	200	2019-05-28T09:42:13.000Z
Nilzenburger	0.598	true	43953	2019-05-28T11:40:44.000Z
paul_starzmann	0.598	false	556	2019-05-27T15:23:10.000Z
per_bike_berlin	0.598	false	2215	2019-05-28T17:09:54.000Z
prenzlette	0.598	false	2561	2019-05-28T07:13:38.000Z
QIEZ_Berlin	0.598	false	1437	2019-05-28T14:00:10.000Z
realtestbild	0.598	false	1163	2019-05-28T19:30:05.000Z
RegineGuenther	0.598	false	5389	2019-05-28T09:56:36.000Z
RichMixLondon	0.598	true	33579	2019-05-28T16:03:48.000Z
schreiblabor	0.598	false	778	2019-05-28T14:44:48.000Z
Spex	0.598	false	28064	2019-05-28T10:31:20.000Z
SPIEGEL_Kultur	0.598	true	101883	2019-05-29T00:40:59.000Z
SturmDaniel	0.598	false	3474	2019-05-28T21:57:00.000Z
superbike641	0.598	false	284	2019-05-25T10:46:57.000Z
teamdeutschland	0.598	true	5867	2018-01-23T19:11:52.000Z
transparency_de	0.598	false	14943	2019-05-28T16:25:53.000Z
ak_hipp	0.556	false	5712	2019-05-28T20:40:38.000Z
anjablau	0.556	false	130	2015-04-20T06:54:25.000Z
berlin_hilft	0.556	false	4190	2019-05-27T21:31:25.000Z
c_cermak	0.556	false	685	2018-07-26T12:44:12.000Z
CemB	0.556	false	4148	2019-05-28T17:33:06.000Z
dil_kal	0.556	false	3642	2019-05-15T06:50:23.000Z
diseridora	0.556	false	464	2019-05-22T13:33:38.000Z
FHackenbruch	0.556	false	1216	2019-05-27T21:46:47.000Z
insm	0.556	true	18573	2019-05-28T14:50:31.000Z
iw_koeln	0.556	true	10284	2019-05-28T12:42:38.000Z
jutta_ditfurth	0.556	true	16981	2019-05-29T00:49:54.000Z
mannfrauundco	0.556	false	1838	2019-05-28T15:09:12.000Z
MarcelReichart	0.556	false	2046	2016-03-10T10:38:51.000Z
MaxHerreMusik	0.556	true	86836	2019-03-28T07:35:51.000Z
MelanieBoeff	0.556	false	556	2019-05-09T15:13:06.000Z
mfk_berlin	0.556	true	6465	2019-05-28T08:42:38.000Z
PankowerMieter	0.556	false	695	2017-10-12T09:40:56.000Z
PETADeutschland	0.556	true	421691	2019-05-28T16:30:49.000Z
peter_simone	0.556	true	30724	2019-05-28T21:40:50.000Z
PiratenBerlin	0.556	false	11583	2019-05-28T18:21:51.000Z
plauderpaul	0.556	false	156	2019-05-27T12:50:05.000Z
PolizeiBB	0.556	true	30852	2019-05-28T14:43:59.000Z
S_Perdoni	0.556	false	1112	2019-05-28T08:28:47.000Z
sik030	0.556	false	1873	2019-05-26T06:14:49.000Z
SoerenBenn	0.556	false	930	2019-05-28T09:24:15.000Z
sprechstelle	0.556	false	1954	2018-11-05T10:19:36.000Z
TspMonitoringDi	0.556	false	675	2019-05-28T11:49:59.000Z
udovetter	0.556	true	50790	2019-05-23T16:53:23.000Z
UlrikeScheffer	0.556	false	658	2019-05-25T15:40:50.000Z
alphahuhn	0.516	true	11094	2019-05-28T21:44:24.000Z
annakatrein	0.516	false	3694	2019-05-26T18:10:43.000Z
astreim	0.516	false	2750	2019-05-28T14:26:52.000Z
AtilaAltun	0.516	false	390	2019-05-25T14:19:26.000Z
BelkinDmitrij	0.516	false	136	2019-05-16T15:58:45.000Z
blaetter	0.516	false	8160	2019-05-28T10:40:37.000Z
bueti	0.516	true	22888	2019-05-28T22:10:51.000Z
campact	0.516	true	145032	2019-05-28T06:52:52.000Z
ch_amend	0.516	false	13962	2019-05-28T15:39:27.000Z
data_meining	0.516	false	1402	2019-05-20T20:05:50.000Z
dpomondi	0.516	false	4801	2019-05-28T22:06:24.000Z
Frank_Elstner	0.516	true	37145	2019-05-14T11:25:15.000Z
FranzBotschaft	0.516	true	4990	2019-05-28T13:49:51.000Z
henning_onken	0.516	false	1388	2018-12-20T11:16:15.000Z
IstBERinBetrieb	0.516	false	2006	2019-05-25T12:47:34.000Z
journ_online	0.516	true	48664	2019-05-28T10:04:14.000Z
klauslederer	0.516	true	12074	2019-05-28T23:01:23.000Z
larsradau	0.516	false	1287	2019-05-28T20:37:48.000Z
meddynyt	0.516	true	6657	2019-05-28T06:24:17.000Z
mediummagazin	0.516	true	44373	2019-05-24T18:42:06.000Z
Monte_Iro	0.516	false	1082	2019-04-10T07:20:39.000Z
oberholz	0.516	false	3824	2019-05-28T15:46:47.000Z
Peter_Schaar	0.516	false	13290	2019-05-28T15:49:35.000Z
ProAsyl	0.516	true	35756	2019-05-28T20:02:20.000Z
pthibaut	0.516	true	28229	2019-05-28T15:32:04.000Z
radentscheid	0.516	false	7558	2019-05-28T22:38:10.000Z
S_Schicketanz	0.516	false	1646	2019-05-28T19:37:44.000Z
TomSchreiberMdA	0.516	false	3459	2019-05-28T21:40:33.000Z
UPaulBerlin	0.516	false	1377	2019-05-27T22:03:47.000Z
WAZ_Redaktion	0.516	true	244295	2019-05-28T19:53:14.000Z
yasplt	0.516	false	1142	2019-05-28T08:59:24.000Z
zeitonline_dig	0.516	true	67881	2019-05-28T14:11:12.000Z
Zielina	0.516	true	45315	2019-05-26T21:14:32.000Z
_Stolpersteine_	0.480	false	18708	2019-05-27T05:27:08.000Z
_verdi	0.480	true	21650	2019-05-28T13:11:24.000Z
AfD	0.480	true	136697	2019-05-28T20:00:58.000Z
AhmadMansour__	0.480	true	18589	2019-05-28T17:22:28.000Z
ahmed	0.480	true	148455	2019-05-28T14:10:57.000Z
ankeschoen	0.480	false	2207	2019-05-28T20:21:22.000Z
Attacd	0.480	false	65291	2019-05-28T10:02:04.000Z
BerndFabritius	0.480	true	1478	2019-02-16T17:05:10.000Z
BVG_Kampagne	0.480	true	290455	2019-05-28T15:34:53.000Z
bzberlin	0.480	true	136100	2019-05-28T21:19:01.000Z
CDUBerlin_AGH	0.480	true	4180	2019-05-28T17:44:01.000Z
cziedler	0.480	false	635	2019-05-28T18:46:49.000Z
dgb_news	0.480	false	44897	2019-05-27T14:48:47.000Z
DiazCanelB	0.480	true	131361	2019-05-28T19:24:08.000Z
DoroBaer	0.480	true	87196	2019-05-28T20:42:10.000Z
DtVerkehrswacht	0.480	false	794	2019-05-28T14:58:15.000Z
ekbo_de	0.480	false	2661	2019-05-28T06:00:23.000Z
ErzbistumBerlin	0.480	false	3136	2019-05-25T07:15:14.000Z
flecks	0.480	false	5681	2019-05-29T00:10:49.000Z
HuffPostDE	0.480	true	68062	2019-03-29T16:00:01.000Z
kmadzia	0.480	false	1069	2019-03-15T23:05:43.000Z
KohlmeierSPD	0.480	true	3142	2019-05-28T21:23:57.000Z
LasicMaja	0.480	true	1147	2019-05-27T14:34:08.000Z
Longreads	0.480	true	283875	2019-05-29T02:20:01.000Z
LVZ	0.480	true	69526	2019-05-28T21:55:44.000Z
MariaKotsev	0.480	false	842	2019-05-28T20:37:34.000Z
martinagauder	0.480	false	137	2019-04-28T18:15:11.000Z
martinfehrensen	0.480	false	11309	2019-05-28T19:44:54.000Z
MeierAlbrecht	0.480	false	453	2019-05-28T19:33:47.000Z
MrsBunz	0.480	false	9033	2019-05-27T07:09:09.000Z
paulinepauline	0.480	false	1710	2019-05-28T21:07:28.000Z
Phartip	0.480	false	24	2009-09-30T07:26:09.000Z
PNN_de	0.480	false	6605	2019-05-28T19:17:17.000Z
PolizeiSachsen	0.480	true	74385	2019-05-28T16:52:48.000Z
polyboy	0.480	false	103	2009-10-25T13:10:43.000Z
RamonaPop	0.480	true	7563	2019-05-28T14:57:43.000Z
rennersen	0.480	false	5707	2019-05-27T11:50:40.000Z
robsonte	0.480	false	2153	2019-05-28T21:37:19.000Z
SBahnBerlin	0.480	true	207263	2019-05-28T20:00:01.000Z
SchwimmBlog	0.480	false	1015	2019-05-28T18:06:28.000Z
SiobhanDowling	0.480	false	6348	2019-05-28T20:15:30.000Z
spdde	0.480	true	360467	2019-05-28T11:04:19.000Z
stevanwyler	0.480	false	2713	2019-05-28T18:43:29.000Z
ThomasLoy1	0.480	false	489	2019-05-28T16:24:53.000Z
Thukydot	0.480	false	647	2016-05-18T12:21:28.000Z
undundund	0.480	false	186	2018-12-03T20:32:59.000Z
uvmann	0.480	false	2107	2019-05-27T20:41:29.000Z
VonElisa	0.480	false	1917	2019-05-23T09:11:18.000Z
AmoryBurchard	0.445	false	662	2019-05-26T14:07:06.000Z
bene_lux	0.445	true	4779	2019-05-28T17:39:31.000Z
Berlin_de_News	0.445	false	104712	2019-05-28T18:12:03.000Z
Blockupy	0.445	false	22407	2019-05-28T18:00:39.000Z
BosphorusNews	0.445	false	1484	2019-05-26T18:37:37.000Z
bpol_b	0.445	true	53066	2019-05-28T08:27:29.000Z
bpol_b_einsatz	0.445	true	29220	2019-05-25T23:11:36.000Z
BuBernd	0.445	false	10329	2019-05-28T09:00:40.000Z
BVG_Tram	0.445	true	35237	2019-05-28T18:00:30.000Z
CHerwartz	0.445	true	1558	2019-05-28T18:44:26.000Z
cwergHB	0.445	false	872	2019-05-28T19:38:02.000Z
fgeerdink	0.445	true	45636	2019-05-28T22:40:59.000Z
gerritbartels3	0.445	false	357	2019-05-28T19:06:06.000Z
gold_jana	0.445	false	160	2019-05-15T16:07:01.000Z
hemartin	0.445	false	2784	2019-05-27T06:59:57.000Z
ickedolphin	0.445	false	142	2019-05-27T20:41:44.000Z
jaja_berlin	0.445	false	864	2019-05-28T22:03:48.000Z
Jenna_Behrends	0.445	false	3312	2019-05-27T07:51:52.000Z
JillPetz	0.445	false	720	2019-05-04T12:28:22.000Z
jmberlin	0.445	true	7479	2019-05-28T08:46:11.000Z
kosmar	0.445	false	8064	2019-05-28T22:56:29.000Z
Kuestenkind	0.445	false	859	2019-02-20T18:51:11.000Z
Lars_Oberg	0.445	false	1177	2019-03-30T18:38:52.000Z
larsklingbeil	0.445	true	40887	2019-05-28T19:09:55.000Z
lisacrost	0.445	false	14666	2019-05-22T11:04:47.000Z
lobbycontrol	0.445	false	34313	2019-05-28T12:16:59.000Z
LutzHaverkamp	0.445	false	1258	2019-05-23T10:14:17.000Z
MarioCzaja	0.445	true	2409	2019-05-28T20:50:20.000Z
MarkusMechnich	0.445	false	436	2017-08-07T17:51:21.000Z
marmeladenoma	0.445	true	15027	2019-05-27T19:45:08.000Z
mashable	0.445	true	9806704	2019-05-29T02:07:00.000Z
MatthiasMeisner	0.445	true	27809	2019-05-28T20:48:03.000Z
maz_online	0.445	false	10365	2019-05-28T17:06:18.000Z
MonopolMagazin	0.445	false	55723	2019-05-28T15:45:48.000Z
NachDenkSeiten	0.445	false	24641	2019-05-28T12:11:56.000Z
nfskiberlin	0.445	false	652	2019-05-28T21:36:09.000Z
PeterTiede	0.445	false	644	2019-05-27T20:57:29.000Z
Piratenpartei	0.445	true	166893	2019-05-28T20:30:42.000Z
Rangsen	0.445	false	454	2019-05-28T11:14:18.000Z
rbb88acht	0.445	true	28118	2019-05-28T12:16:36.000Z
schluetter	0.445	false	662	2019-04-26T05:24:48.000Z
SibylleBerg	0.445	true	84285	2019-05-28T18:55:01.000Z
skarbonat	0.445	false	1429	2019-05-28T04:29:55.000Z
socialhubBT	0.445	false	958	2019-05-28T17:51:03.000Z
StefanGelbhaar	0.445	true	4785	2019-05-29T00:47:53.000Z
streetcoverage	0.445	true	31711	2019-05-27T19:00:04.000Z
the_langow	0.445	false	700	2019-05-28T16:13:32.000Z
TimZeelen	0.445	true	1532	2019-05-24T19:24:08.000Z
VBB_BerlinBB	0.445	true	10516	2019-05-28T15:30:51.000Z
VIZ_Berlin	0.445	false	8205	2019-05-28T17:59:15.000Z
Wahlrecht_de	0.445	false	55095	2019-05-28T20:26:51.000Z
A_Schillhaneck	0.413	true	5620	2019-05-28T14:30:21.000Z
a_watch	0.413	false	37698	2019-05-27T12:02:43.000Z
art_magazin	0.413	false	105343	2019-05-15T14:22:10.000Z
carta_	0.413	false	36933	2019-05-28T12:12:11.000Z
cducsubt	0.413	true	106779	2019-05-28T15:24:13.000Z
cnnbrk	0.413	true	55229999	2019-05-28T23:25:42.000Z
CzZeiher	0.413	false	307	2019-05-05T14:10:02.000Z
DirkKirchberg	0.413	false	2933	2019-05-28T20:45:56.000Z
epd_news	0.413	true	5227	2019-05-28T12:53:05.000Z
etorsten	0.413	false	1712	2019-05-28T22:29:37.000Z
fdp_berlin	0.413	false	3484	2019-05-26T14:54:48.000Z
frankzimmer	0.413	true	3243	2019-05-27T11:44:36.000Z
guardiantech	0.413	true	2520279	2019-05-28T18:56:03.000Z
HAU123	0.413	false	8129	2019-05-28T14:03:57.000Z
hesselmann	0.413	true	8589	2019-05-28T22:11:02.000Z
hpdticker	0.413	false	6428	2019-05-28T15:51:26.000Z
HPSiebenhaar	0.413	false	1850	2019-05-28T18:04:52.000Z
IGMetall	0.413	true	13413	2019-05-28T15:27:17.000Z
JanStoess	0.413	true	3856	2018-11-03T15:06:21.000Z
jensscholz	0.413	false	2833	2019-05-28T13:53:22.000Z
JeremyCliffe	0.413	true	68913	2019-05-28T17:12:36.000Z
KaeuferTobias	0.413	false	1433	2019-05-27T11:04:40.000Z
lebenundlassen	0.413	false	3400	2019-05-28T22:17:34.000Z
leitmedium	0.413	true	8589	2019-05-28T19:35:12.000Z
Lettebowskie	0.413	false	3185	2019-05-14T19:43:56.000Z
LousyPennies	0.413	true	7201	2019-05-10T17:42:58.000Z
manfredhilling	0.413	false	447	2019-04-18T06:12:10.000Z
medienmagazin	0.413	false	13704	2019-05-28T22:42:44.000Z
OezcanMutlu	0.413	true	10878	2019-05-28T17:55:26.000Z
polizeiberlin	0.413	true	426891	2019-05-28T13:59:26.000Z
rechtsaussen	0.413	false	4533	2019-05-24T15:40:21.000Z
Reporter9222	0.413	false	168	2019-03-20T15:24:44.000Z
Schnutinger	0.413	false	2336	2019-05-26T21:13:11.000Z
Sonja_Alvarez	0.413	false	2529	2019-05-28T21:33:37.000Z
SophieAschen	0.413	false	369	2019-05-15T12:35:26.000Z
spdberlin	0.413	true	16374	2019-05-28T16:00:00.000Z
Storify	0.413	true	252811	2018-05-17T19:55:44.000Z
SvenGoldmann	0.413	false	397	2019-05-11T16:40:33.000Z
theuer	0.413	false	2745	2019-05-20T16:13:41.000Z
tsghessen	0.413	true	27305	2019-05-28T12:36:48.000Z
TspBerlin	0.413	false	5771	2019-05-28T17:50:42.000Z
Verkehrshassel	0.413	false	2375	2019-05-27T18:49:29.000Z
walli5	0.413	false	10514	2019-05-28T22:13:32.000Z
alvar_f	0.383	false	8364	2019-05-28T20:22:02.000Z
anadoluagency	0.383	true	109753	2019-05-28T20:41:47.000Z
AndrejHolm	0.383	false	12379	2019-05-27T19:32:25.000Z
ardmoma	0.383	true	53991	2019-05-28T19:15:44.000Z
benjaminnickel	0.383	false	1658	2019-05-28T09:20:22.000Z
BILD_News	0.383	true	167361	2019-05-29T01:13:23.000Z
bjokie	0.383	true	7640	2019-05-27T22:11:13.000Z
bockph	0.383	false	337	2019-05-19T09:22:40.000Z
Calmund	0.383	true	144936	2019-05-10T19:24:47.000Z
cjgaebler	0.383	false	1059	2019-05-28T13:36:19.000Z
clara_herrmann	0.383	true	3172	2019-05-28T15:55:13.000Z
da_niesl	0.383	false	1605	2019-05-26T19:47:18.000Z
davidkatongo5	0.383	false	261	2019-05-28T22:06:20.000Z
democracynow	0.383	true	677930	2019-05-29T02:03:52.000Z
dielinkeberlin	0.383	false	12684	2019-05-28T21:49:08.000Z
doberah	0.383	true	10705	2019-05-26T21:55:25.000Z
dominikgrau	0.383	true	11543	2019-05-28T20:50:56.000Z
DonDahlmann	0.383	true	9673	2019-05-28T15:36:34.000Z
ErhardScherfer	0.383	false	5909	2019-05-28T22:14:43.000Z
EvaHoegl	0.383	true	12621	2019-05-28T06:47:42.000Z
FabiKol	0.383	false	884	2019-05-28T12:30:54.000Z
fussball_de	0.383	true	21472	2019-05-26T14:08:23.000Z
GrueneBundestag	0.383	true	104170	2019-05-28T18:40:42.000Z
guardianeco	0.383	true	454799	2019-05-28T20:51:02.000Z
guardiannews	0.383	true	2867599	2019-05-29T01:49:45.000Z
HansWernerSinn	0.383	false	15150	2019-05-28T10:32:16.000Z
HeikeGallery	0.383	true	2126	2019-05-28T14:17:23.000Z
IngoSalmen	0.383	false	1145	2019-05-28T17:20:20.000Z
jakobmierscheid	0.383	false	7430	2019-05-26T21:22:39.000Z
jakobschulz	0.383	true	1213	2019-02-01T11:42:11.000Z
KaiGehring	0.383	true	7858	2019-05-28T19:43:42.000Z
Kajo2009	0.383	false	4654	2019-05-28T16:22:34.000Z
KevinPHoffmann	0.383	false	951	2019-05-28T21:27:04.000Z
kopfzeiler	0.383	false	7789	2019-05-28T20:58:30.000Z
larafritzsche	0.383	false	18043	2019-05-26T16:07:32.000Z
Lars_von_Toerne	0.383	false	2568	2019-05-28T12:08:03.000Z
LowerClassMag	0.383	false	12708	2019-05-28T17:07:31.000Z
m_pfaffenzeller	0.383	false	899	2019-03-17T18:34:54.000Z
M_Reinsch	0.383	false	2058	2019-05-08T14:05:18.000Z
marcelweiss	0.383	false	4846	2019-05-28T16:08:38.000Z
MarkusHoreld	0.383	false	1250	2019-05-17T16:49:23.000Z
metzner87	0.383	false	858	2019-05-28T04:43:30.000Z
Mohrenpost	0.383	true	18891	2019-05-28T20:42:08.000Z
ovoss	0.383	false	4831	2019-05-28T18:57:55.000Z
paldardai	0.383	true	12491	2019-03-16T13:47:00.000Z
Peter_Ahrens	0.383	false	16576	2019-05-28T19:57:01.000Z
pfadintegral	0.383	false	5158	2019-05-28T17:55:23.000Z
PMaxwill	0.383	false	1824	2019-05-28T20:35:02.000Z
r000pert	0.383	false	927	2019-05-28T17:11:36.000Z
rinrae	0.383	false	4033	2019-05-24T18:00:35.000Z
RolandNelles	0.383	true	9002	2019-05-23T12:30:49.000Z
rowbar	0.383	true	17019	2019-05-20T07:09:52.000Z
SchullerKonrad	0.383	false	2163	2019-05-05T07:37:56.000Z
SPIEGEL_Wirtsch	0.383	true	90660	2019-05-28T17:34:09.000Z
StefanLeifert	0.383	true	48054	2019-05-28T20:50:36.000Z
thomsen_jp	0.383	false	2860	2019-05-28T21:09:12.000Z
tknuewer	0.383	true	41029	2019-05-28T21:00:24.000Z
TorstenBeeck	0.383	true	19669	2019-05-28T17:10:24.000Z
trotzendorff	0.383	true	3894	2019-05-28T16:50:11.000Z
tspmode	0.383	false	606	2019-05-12T09:11:43.000Z
twitkrit	0.383	false	1410	2014-03-18T09:21:40.000Z
ulrikesimon	0.383	false	3182	2019-05-28T11:18:48.000Z
vinzgreiner	0.383	false	737	2019-05-28T13:32:17.000Z
volkerperthes	0.383	false	7961	2019-05-28T06:28:30.000Z
WesselFelix	0.383	false	1798	2019-05-26T11:55:04.000Z
a_rickmann	0.354	true	5935	2019-05-28T18:34:13.000Z
alx_froehlich	0.354	true	5559	2019-05-28T20:20:54.000Z
APosener	0.354	false	5443	2019-05-28T08:23:48.000Z
BAMF_Dialog	0.354	true	35664	2019-05-28T20:04:41.000Z
beBerlin	0.354	true	29139	2019-05-28T10:03:35.000Z
beimwort	0.354	true	6016	2019-05-28T23:11:00.000Z
booldog	0.354	false	7126	2019-05-26T07:07:55.000Z
CSU_net	0.354	true	5949	2019-03-22T20:32:12.000Z
derfreitag	0.354	true	138347	2019-05-28T21:59:00.000Z
DerWachsame	0.354	false	10496	2019-05-28T15:28:43.000Z
Djeron7	0.354	false	3821	2019-05-28T13:58:56.000Z
doktordab	0.354	true	31487	2019-05-28T23:52:55.000Z
edeljoe	0.354	false	940	2019-05-26T16:51:03.000Z
EinAugenschmaus	0.354	false	33663	2019-05-28T18:27:57.000Z
ericschmidt	0.354	true	2319931	2019-05-28T20:41:20.000Z
FlorianGathmann	0.354	true	12434	2019-05-28T21:02:47.000Z
frankkompakt	0.354	false	46514	2019-05-28T14:49:39.000Z
frau_fratzke	0.354	false	484	2019-05-27T12:06:54.000Z
GdP_Dir4	0.354	false	5200	2019-04-05T20:22:11.000Z
Hasan_Goekkaya	0.354	false	877	2019-05-24T11:50:25.000Z
HaticeAkyuen	0.354	false	10147	2019-05-28T11:46:12.000Z
HAZ	0.354	true	83505	2019-05-28T21:00:00.000Z
j_kixmueller	0.354	false	381	2019-05-27T12:43:58.000Z
jetzt	0.354	true	60907	2019-05-28T15:52:25.000Z
jfxlaubmeier	0.354	false	664	2019-05-27T21:39:45.000Z
KathiWiechers	0.354	false	436	2019-05-27T17:35:39.000Z
kesslermichael	0.354	true	164844	2019-05-25T07:28:49.000Z
kooptech	0.354	false	3401	2019-05-28T21:22:33.000Z
krautreporter	0.354	false	61038	2019-05-28T19:01:05.000Z
kscheib	0.354	true	7220	2019-05-28T21:47:23.000Z
L_McMinn	0.354	false	706	2019-05-28T19:47:05.000Z
LorenzMaroldt	0.354	true	29660	2019-05-25T13:16:31.000Z
Matthias_Kamann	0.354	false	1980	2019-05-28T12:51:09.000Z
NatalieAmiri	0.354	true	15497	2019-05-28T10:13:43.000Z
netzwelt	0.354	false	20736	2019-05-28T13:54:47.000Z
neukoellnernet	0.354	false	3348	2019-02-08T14:11:12.000Z
OlafWedekind	0.354	false	2715	2019-05-28T21:09:33.000Z
Oly_Berlin	0.354	true	4382	2019-05-28T11:48:53.000Z
PeterRNeumann	0.354	false	27652	2019-05-28T22:26:09.000Z
PickiHH	0.354	false	10834	2019-05-28T21:13:25.000Z
PolizeiBerlin_E	0.354	true	359929	2019-05-25T21:45:20.000Z
rbbabendschau	0.354	true	92948	2019-05-28T20:24:47.000Z
rbbinforadio	0.354	true	47952	2019-05-28T16:15:12.000Z
ReporterRoyale	0.354	false	2597	2019-05-28T20:37:34.000Z
RobGreen	0.354	false	12882	2018-10-18T12:13:46.000Z
rupertmurdoch	0.354	true	731336	2017-02-17T03:45:12.000Z
RuthCiesinger	0.354	false	1104	2019-05-28T09:45:57.000Z
sachark	0.354	true	10087	2019-05-28T20:14:11.000Z
sdobmeier	0.354	true	2276	2019-05-28T09:07:53.000Z
smatthes	0.354	true	12046	2019-05-28T12:04:45.000Z
StefanOsswald	0.354	false	3579	2019-04-14T14:53:49.000Z
SweetHomeBerlin	0.354	false	2853	2019-05-06T20:18:14.000Z
ta_buntrock	0.354	false	1375	2019-05-27T20:52:04.000Z
tmrazek	0.354	false	3616	2019-05-28T10:38:55.000Z
wahl_beobachter	0.354	false	16581	2019-05-28T20:22:54.000Z
worrius	0.354	false	1010	2019-05-28T21:11:47.000Z
Wortvogel	0.354	false	1109	2019-05-28T08:27:34.000Z
Afelia	0.328	true	76445	2019-05-28T22:22:02.000Z
AndreaNahlesSPD	0.328	true	13777	2019-05-28T17:21:55.000Z
annmeiritz	0.328	true	17504	2019-05-19T16:17:40.000Z
ARD_Presse	0.328	true	142890	2019-05-28T20:53:28.000Z
avornbaeumen	0.328	false	644	2019-05-26T19:01:00.000Z
azrael74	0.328	true	11067	2019-05-28T18:24:22.000Z
berlinliebich	0.328	true	19098	2019-05-28T17:30:21.000Z
bund_net	0.328	false	133997	2019-05-28T12:33:50.000Z
csommer	0.328	false	9207	2019-05-28T20:00:44.000Z
daniel_bouhs	0.328	false	11578	2019-05-28T15:50:47.000Z
Dlf_Forschung	0.328	false	25174	2019-05-28T17:39:05.000Z
driven_by_data	0.328	false	18345	2019-05-28T09:24:22.000Z
dvg	0.328	true	28697	2019-05-28T21:15:08.000Z
Elquee	0.328	false	7473	2019-05-28T17:38:06.000Z
epdmedien	0.328	true	5060	2019-05-28T08:27:58.000Z
Fab_Fed	0.328	false	847	2019-03-14T18:21:19.000Z
FAZ_Wirtschaft	0.328	true	120325	2019-05-28T21:29:44.000Z
Floskelwolke	0.328	true	13896	2019-05-28T22:11:14.000Z
FluxFM	0.328	true	30685	2019-05-28T13:56:27.000Z
franziskript	0.328	true	18209	2019-05-28T19:18:34.000Z
gaborsteingart	0.328	true	14918	2019-05-28T05:42:11.000Z
GrueneXhain	0.328	false	2961	2019-05-28T08:35:16.000Z
ichgruessesie	0.328	true	6815	2019-05-28T18:33:28.000Z
IndexCensorship	0.328	true	68193	2019-05-29T01:28:00.000Z
initiator	0.328	false	479	2019-04-29T15:37:35.000Z
jep_	0.328	true	25844	2019-05-27T20:42:58.000Z
JungNaiv	0.328	false	45450	2019-05-28T22:11:10.000Z
kaibiermann	0.328	true	10242	2019-05-26T09:56:02.000Z
katarinabarley	0.328	true	50160	2019-05-28T05:36:08.000Z
kogelboom	0.328	false	404	2019-05-13T15:48:16.000Z
KurtSagatz	0.328	false	892	2019-05-26T17:10:11.000Z
leanderwattig	0.328	true	12931	2019-05-28T21:21:46.000Z
Mama_arbeitet	0.328	true	13777	2019-05-28T18:06:18.000Z
marcroehlig	0.328	false	1463	2019-05-28T07:22:43.000Z
MEtzold	0.328	false	2557	2019-05-28T21:26:11.000Z
minoico_	0.328	false	1011	2019-05-28T22:26:27.000Z
moeffju	0.328	false	6325	2019-05-28T21:18:12.000Z
N_Heisterhagen	0.328	false	2930	2019-05-28T20:10:54.000Z
PascaleMller	0.328	true	4906	2019-05-28T18:56:12.000Z
pressefreiheit	0.328	false	9370	2019-05-28T11:54:59.000Z
rc_schneider	0.328	true	14796	2019-05-28T21:57:04.000Z
schnibben	0.328	false	13757	2019-05-28T15:48:57.000Z
schwoerbel	0.328	false	795	2019-05-27T09:59:10.000Z
stadtleben	0.328	false	4086	2019-05-28T18:07:11.000Z
SteinekeCDU	0.328	true	5217	2019-05-28T21:16:09.000Z
SZ_Politik	0.328	true	74888	2019-05-28T17:57:29.000Z
SZ_Wirtschaft	0.328	false	86424	2019-05-28T17:43:21.000Z
tsakalotos	0.328	false	37559	2019-05-28T12:04:56.000Z
TspFoto	0.328	false	520	2019-05-28T20:09:39.000Z
twitkalk	0.328	true	83836	2019-05-28T20:08:09.000Z
washingtonpost	0.328	true	13710747	2019-05-28T23:10:06.000Z
wbuechner	0.328	true	66356	2019-05-02T19:41:27.000Z
yem	0.328	false	618	2018-12-05T19:57:16.000Z
zeitonline_pol	0.328	true	119816	2019-05-28T21:59:37.000Z
ahissting	0.304	false	2233	2019-05-26T11:34:04.000Z
altpapier	0.304	false	4830	2019-05-28T12:05:06.000Z
AP	0.304	true	13331334	2019-05-28T22:00:02.000Z
BBCNews	0.304	true	9989834	2019-05-28T21:57:39.000Z
BBCWorld	0.304	true	25126225	2019-05-28T20:06:40.000Z
bellingcat	0.304	true	146584	2019-05-28T17:29:41.000Z
BILD	0.304	true	1677457	2019-05-29T02:03:42.000Z
bosch	0.304	true	13175	2019-05-27T10:10:33.000Z
breitband	0.304	false	8322	2019-05-26T12:30:15.000Z
Brinkbaeumer	0.304	true	19734	2019-05-28T16:29:48.000Z
CarolinN	0.304	true	8025	2019-05-27T15:16:17.000Z
Christian_Meier	0.304	true	7010	2019-05-28T11:59:39.000Z
ChristineRoehrs	0.304	false	11754	2019-05-28T17:20:59.000Z
claudi	0.304	false	3756	2019-05-27T09:09:50.000Z
ctretbar	0.304	true	3679	2019-05-28T16:31:58.000Z
DanielLuecking	0.304	false	3393	2019-05-28T21:40:35.000Z
danielmack	0.304	true	37060	2019-05-28T14:31:33.000Z
DFB	0.304	true	125623	2019-05-28T13:26:03.000Z
DJVde	0.304	true	28861	2019-05-28T12:10:54.000Z
dpwes	0.304	true	3539	2019-05-28T21:17:52.000Z
Franz	0.304	false	2049	2019-05-28T16:39:32.000Z
fraupiontek	0.304	false	654	2019-05-20T18:45:06.000Z
georg_ismar	0.304	false	2132	2019-05-28T11:05:36.000Z
gutjahr	0.304	true	141069	2019-05-28T18:10:05.000Z
hermsfarm	0.304	false	37339	2019-05-23T10:16:23.000Z
ihdl	0.304	false	2602	2019-05-28T16:44:28.000Z
jazmatab	0.304	false	2391	2019-05-28T05:41:03.000Z
johannesgrunert	0.304	false	7730	2019-05-28T22:31:12.000Z
kakape	0.304	false	5196	2019-05-28T19:00:45.000Z
KolBln	0.304	false	769	2019-05-28T20:11:03.000Z
Linksfraktion	0.304	true	67222	2019-05-28T14:12:52.000Z
lyssaslounge	0.304	true	24803	2019-05-28T17:15:44.000Z
maltespitz	0.304	true	14704	2019-05-28T18:59:43.000Z
maltewelding	0.304	false	8995	2019-05-28T12:30:56.000Z
MatthiasKalle	0.304	false	6178	2019-05-27T19:52:06.000Z
MeeraSelva1	0.304	false	1266	2019-05-28T06:30:55.000Z
morgenpost	0.304	true	262986	2019-05-28T23:05:14.000Z
mscharfschwerdt	0.304	false	630	2019-05-28T21:26:48.000Z
neuigkeitenchef	0.304	false	6047	2019-05-28T20:10:19.000Z
OezlemTopcu	0.304	true	19055	2019-05-28T16:56:07.000Z
peterglaser	0.304	false	11583	2019-05-25T22:40:14.000Z
plateauton	0.304	false	2147	2019-05-28T23:02:20.000Z
Poliauwei	0.304	false	3923	2019-05-28T22:27:23.000Z
politicalbeauty	0.304	true	84697	2019-05-28T13:16:52.000Z
potsdam	0.304	false	1337	2015-11-23T17:35:18.000Z
Pottblog	0.304	false	22762	2019-05-28T13:30:27.000Z
Queen_Europe	0.304	false	162360	2019-05-28T14:06:02.000Z
ReporterOG	0.304	true	52482	2019-05-26T08:59:20.000Z
Riotbuddha	0.304	true	7989	2019-05-28T21:12:08.000Z
saschalobo	0.304	true	733665	2019-05-26T17:33:36.000Z
SawsanChebli	0.304	true	47081	2019-05-28T20:56:03.000Z
schaubuehne	0.304	false	13457	2019-05-28T07:10:34.000Z
siepert	0.304	false	1922	2019-05-28T17:30:33.000Z
sinasein	0.304	false	907	2019-05-27T13:54:25.000Z
sineb_el_media	0.304	false	1833	2019-05-28T21:35:34.000Z
SophiePassmann	0.304	true	84723	2019-05-28T22:07:06.000Z
spreeblick	0.304	true	114636	2019-05-28T11:55:59.000Z
t3n	0.304	true	154087	2019-05-29T00:05:02.000Z
tagesschau_eil	0.304	true	263598	2019-05-27T20:28:16.000Z
TomKraftwerk	0.304	false	33655	2019-05-28T10:11:34.000Z
twale3	0.304	false	693	2019-05-20T20:23:51.000Z
VerpennteKatze	0.304	false	918	2019-05-23T16:31:24.000Z
Volker_Beck	0.304	true	90135	2019-05-28T17:36:17.000Z
zacys	0.304	false	2853	2019-05-26T21:38:44.000Z
AF_Blog	0.281	false	1425	2019-05-28T21:21:25.000Z
aguigah	0.281	false	1682	2019-05-28T16:33:54.000Z
almhuette43	0.281	false	330	2019-05-26T20:32:09.000Z
anker_jens	0.281	false	408	2019-05-28T05:57:47.000Z
ardenthistorian	0.281	false	2413	2019-05-28T22:12:41.000Z
astefanowitsch	0.281	true	14621	2019-05-28T06:21:23.000Z
BarbaraJunge	0.281	false	1331	2019-05-28T15:23:43.000Z
berlinairport	0.281	true	38410	2019-05-28T07:09:59.000Z
berlindirekt	0.281	true	71357	2019-05-28T13:01:59.000Z
BoehningB	0.281	true	27766	2019-05-28T13:24:48.000Z
buelend	0.281	true	9941	2019-04-03T07:09:55.000Z
BZ_NachtFloh	0.281	false	7957	2019-05-28T12:17:39.000Z
CSU	0.281	true	189275	2019-05-28T19:47:39.000Z
CV2OR	0.281	true	694	2019-05-28T13:21:15.000Z
das_Janchen	0.281	false	1697	2019-05-28T11:34:23.000Z
DerMestermann	0.281	false	1022	2019-05-28T13:27:56.000Z
dernbachan	0.281	false	1099	2019-05-27T20:03:17.000Z
DianaKinnert	0.281	false	4012	2019-05-28T22:11:51.000Z
Dieser_Schlecky	0.281	false	14333	2019-05-28T10:20:30.000Z
georgenturner	0.281	true	5761	2019-05-28T19:04:00.000Z
GordonRepinski	0.281	true	8911	2019-05-28T17:44:24.000Z
groehe	0.281	true	51322	2019-05-23T08:00:13.000Z
Halina_Waw	0.281	true	12237	2019-05-28T21:28:56.000Z
handelsblatt	0.281	true	298067	2019-05-28T22:42:57.000Z
hanvoi	0.281	true	19832	2019-05-28T19:11:33.000Z
JanMohnhaupt	0.281	false	275	2019-05-17T11:54:53.000Z
jessicajlee	0.281	false	1811	2019-05-27T12:17:50.000Z
JoergLeopold	0.281	false	502	2019-04-11T16:18:13.000Z
JTrittin	0.281	true	100001	2019-05-28T10:36:04.000Z
katjakipping	0.281	true	91042	2019-05-28T18:50:11.000Z
KerstinAndreae	0.281	true	7533	2019-05-28T06:39:50.000Z
Klagesspiegel	0.281	false	1826	2019-05-28T19:28:21.000Z
kulturzeit	0.281	true	39559	2019-05-28T15:19:56.000Z
kuzy	0.281	false	7570	2019-05-27T21:06:47.000Z
MarieRoevekamp	0.281	false	596	2019-05-23T17:21:07.000Z
mathiasrichel	0.281	true	10244	2019-05-28T19:13:01.000Z
ostkreuzblog	0.281	false	4685	2019-05-27T21:03:03.000Z
Passavant15	0.281	false	2203	2019-05-28T16:08:15.000Z
ReporterZDF	0.281	true	175835	2019-05-28T20:30:02.000Z
sarahmdeckert	0.281	false	877	2019-05-26T19:20:18.000Z
SebCzaja	0.281	true	3055	2019-05-28T17:38:29.000Z
siegstyle	0.281	false	14337	2019-05-28T14:53:30.000Z
SPIEGEL_Medien	0.281	false	17944	2019-05-28T14:10:11.000Z
SPIEGEL_Netz	0.281	true	88019	2019-05-28T14:27:03.000Z
SPIEGEL_Wissen	0.281	true	144132	2019-05-28T18:00:04.000Z
steffendobbert	0.281	true	4785	2019-05-28T10:18:30.000Z
sven_giegold	0.281	true	35466	2019-05-28T18:41:48.000Z
Ugugu	0.281	false	4025	2019-05-28T20:52:21.000Z
ULielischkies	0.281	true	31656	2019-05-28T16:26:38.000Z
videopunk	0.281	true	7883	2019-05-26T17:41:34.000Z
Volker_Herres	0.281	true	6707	2019-05-27T12:30:59.000Z
weddingweiser	0.281	false	2397	2019-05-28T16:50:11.000Z
_LarsPetersen	0.260	true	2453	2019-05-26T06:26:50.000Z
AnneArmbrecht	0.260	false	470	2019-05-25T19:48:17.000Z
astro_tim	0.260	true	109653	2019-05-25T22:55:18.000Z
BERgndck	0.260	false	1035	2018-10-13T11:22:11.000Z
Besser_Deniz	0.260	true	73069	2019-05-13T12:33:39.000Z
bhrgero	0.260	false	3504	2018-02-02T15:14:53.000Z
dailypia	0.260	false	3665	2019-05-28T20:10:08.000Z
dettweiler	0.260	false	579	2019-05-24T21:10:36.000Z
dielemke	0.260	true	24786	2019-05-25T15:59:40.000Z
Echtzeitreise	0.260	false	2859	2019-05-28T19:58:29.000Z
eric_markuse	0.260	true	2178	2019-05-26T08:12:16.000Z
GoeringEckardt	0.260	true	141692	2019-05-28T20:11:51.000Z
HakanTasBerlin	0.260	false	3947	2019-05-28T16:13:44.000Z
HeikoMaas	0.260	true	321429	2019-05-28T14:07:16.000Z
khrenner	0.260	false	1368	2019-05-24T07:50:08.000Z
KonstantinNotz	0.260	true	57044	2019-05-28T21:25:03.000Z
L_Bednarz	0.260	false	5394	2019-05-28T22:08:15.000Z
ManuelaSchwesig	0.260	true	142545	2019-05-27T12:26:25.000Z
mathieuvonrohr	0.260	true	35583	2019-05-28T18:29:09.000Z
MdB_Stroebele	0.260	true	280664	2019-05-27T21:32:34.000Z
melanberger	0.260	false	1004	2019-05-25T13:03:35.000Z
misscaro	0.260	true	3544	2019-05-27T13:30:01.000Z
mspro	0.260	true	18397	2019-05-28T21:10:21.000Z
NABU_de	0.260	true	126326	2019-05-28T16:32:00.000Z
NetflixDE	0.260	true	627921	2019-05-28T16:35:33.000Z
nicobruenjes	0.260	false	906	2019-05-28T07:40:16.000Z
nifberlin	0.260	false	10021	2019-05-28T10:21:41.000Z
NordhausenFrank	0.260	false	11396	2019-05-28T23:16:29.000Z
oliverreporter	0.260	true	11054	2019-05-27T06:42:11.000Z
ostueb	0.260	false	552	2019-05-27T20:34:03.000Z
RegSprecher	0.260	true	916594	2019-05-28T20:46:45.000Z
reich_against	0.260	false	1996	2019-05-28T15:58:35.000Z
ReneGarzke	0.260	false	1813	2019-05-28T19:59:01.000Z
Reporter_Flash	0.260	true	8913	2019-05-28T08:53:05.000Z
sebastianborger	0.260	false	905	2019-05-28T22:53:24.000Z
Sillium	0.260	false	2704	2019-05-28T21:22:04.000Z
sternde	0.260	true	1290023	2019-05-28T20:28:16.000Z
sudjahan	0.260	false	688	2019-05-17T06:55:08.000Z
SWeiermann	0.260	true	12126	2019-05-28T19:36:45.000Z
tazgezwitscher	0.260	true	564380	2019-05-28T20:00:02.000Z
thomaswanhoff	0.260	false	3499	2019-05-29T00:29:11.000Z
TIME	0.260	true	16024227	2019-05-29T02:05:03.000Z
turi2	0.260	false	44426	2019-05-28T23:39:42.000Z
udostiehl	0.260	true	5403	2019-05-28T21:31:43.000Z
ve_mayer	0.260	false	3866	2019-05-28T18:45:04.000Z
VetterClaus	0.260	false	824	2019-05-28T19:20:56.000Z
wegerweiser	0.260	false	781	2019-05-28T06:54:00.000Z
zooberlin	0.260	true	12404	2019-05-28T18:59:09.000Z
_Straeuble	0.241	false	622	2019-05-27T22:43:08.000Z
ABaerbock	0.241	true	36408	2019-05-27T22:01:48.000Z
AngiePohlers	0.241	false	924	2019-05-27T21:50:25.000Z
annalist	0.241	false	30331	2019-05-28T22:50:10.000Z
BenjaminBidder	0.241	true	6396	2019-05-28T16:10:28.000Z
BERLINER_KURIER	0.241	false	44132	2019-05-28T18:16:02.000Z
buzzaldrinsblog	0.241	false	11299	2019-05-28T16:26:46.000Z
BVG_Ubahn	0.241	true	181000	2019-05-28T18:00:04.000Z
c_eubel	0.241	false	1375	2019-05-28T21:02:40.000Z
c_lindner	0.241	true	340103	2019-05-28T16:19:55.000Z
caaaarolina	0.241	false	1458	2019-05-28T09:13:52.000Z
CP_Berlin	0.241	true	1698	2019-05-28T15:43:24.000Z
daniel_erk	0.241	true	4237	2019-05-28T17:51:48.000Z
DeutschMarkUK	0.241	false	428	2019-05-23T07:27:15.000Z
digiges	0.241	false	67276	2019-05-28T08:43:19.000Z
DirkGieselmann	0.241	false	5331	2019-05-27T09:02:16.000Z
ENiejahr	0.241	false	6951	2019-05-28T20:36:49.000Z
ennolenze	0.241	true	12130	2019-05-29T00:27:40.000Z
FAZ_Politik	0.241	true	102825	2019-05-28T19:42:48.000Z
faznet	0.241	true	505790	2019-05-28T21:57:00.000Z
FJ_Murau	0.241	false	10706	2019-05-28T21:49:02.000Z
greenpeace_de	0.241	true	417796	2019-05-28T15:59:42.000Z
holgi	0.241	false	32965	2019-05-28T20:49:20.000Z
jeffjarvis	0.241	true	168831	2019-05-28T23:32:09.000Z
JuliaKloeckner	0.241	true	58904	2019-05-28T18:57:01.000Z
julianeleopold	0.241	true	12858	2019-05-27T21:35:08.000Z
karlgruenberg	0.241	false	1832	2019-05-24T10:02:38.000Z
kathrinpassig	0.241	true	33561	2019-05-28T01:27:02.000Z
KiamitoDerEchte	0.241	false	510	2019-05-10T14:23:28.000Z
lasersushi	0.241	true	13267	2019-05-28T21:03:55.000Z
LissyKaufmann	0.241	false	553	2019-05-27T11:20:34.000Z
mjoelkchoklad	0.241	false	100	2019-05-25T14:45:47.000Z
nanhul	0.241	false	316	2019-05-29T00:03:28.000Z
nytimes	0.241	true	43475000	2019-05-28T23:15:05.000Z
peterunfried	0.241	false	5490	2019-05-28T16:15:38.000Z
POLITICOEurope	0.241	true	210824	2019-05-28T22:15:36.000Z
ProSyn	0.241	true	182496	2019-05-29T01:32:00.000Z
robert_huth	0.241	true	228617	2019-05-14T21:58:04.000Z
spdbt	0.241	true	141720	2019-05-28T15:55:36.000Z
spitzentazler	0.241	false	1489	2019-05-28T18:20:25.000Z
thedailybeast	0.241	true	1218906	2019-05-29T02:00:06.000Z
thomas_wiegold	0.241	false	11931	2019-05-28T21:09:45.000Z
timpritlove	0.241	true	45362	2019-05-28T22:37:00.000Z
TribecaFilm	0.241	true	200422	2016-12-06T20:42:17.000Z
tristessedeluxe	0.241	false	4219	2019-05-27T18:12:37.000Z
TspSport	0.241	false	3954	2019-05-28T17:04:37.000Z
Twitter	0.241	true	56163390	2019-05-28T19:55:52.000Z
uebermedien	0.241	true	37322	2019-05-28T19:42:45.000Z
wiwo	0.241	true	234087	2019-05-28T18:11:44.000Z
_jk	0.222	false	1714	2019-05-28T15:38:09.000Z
343max	0.222	false	10311	2019-05-28T15:16:38.000Z
AnjaReschke1	0.222	true	62758	2019-05-26T18:11:21.000Z
arusbridger	0.222	true	202092	2019-05-28T14:01:06.000Z
babascho	0.222	false	2269	2019-05-28T20:11:22.000Z
Berliner_Fw	0.222	true	115434	2019-05-28T17:48:05.000Z
BILDblog	0.222	true	172925	2019-05-28T21:08:12.000Z
ChristinaWaecht	0.222	false	785	2019-05-28T20:20:38.000Z
cicero_online	0.222	true	198627	2019-05-28T14:44:58.000Z
Claudiusseidl	0.222	false	8199	2019-05-28T12:39:22.000Z
CMBerlin	0.222	false	4113	2019-05-18T08:44:55.000Z
dpa	0.222	true	299598	2019-05-28T17:34:34.000Z
dunjahayali	0.222	true	413941	2019-05-26T13:29:21.000Z
focusonline	0.222	true	525279	2019-05-28T20:30:06.000Z
Gesine_Agena	0.222	true	4826	2019-05-28T17:57:23.000Z
hierprivat	0.222	false	60624	2019-05-28T17:35:31.000Z
jensspahn	0.222	true	85009	2019-05-28T18:10:01.000Z
JoeBiden	0.222	true	3581625	2019-05-29T00:34:05.000Z
joern	0.222	false	4855	2019-05-28T16:16:01.000Z
Lindnereien	0.222	true	31782	2019-05-27T16:48:34.000Z
MissLeontine	0.222	false	303	2016-07-25T07:56:28.000Z
mopo	0.222	true	224466	2019-05-28T22:01:25.000Z
mtblumencron	0.222	true	26584	2019-05-27T11:40:55.000Z
Nico	0.222	true	28947	2019-05-28T20:19:56.000Z
NorbertMertens	0.222	false	784	2019-05-28T13:59:20.000Z
phoenix_de	0.222	true	85308	2019-05-28T21:45:39.000Z
phogenkamp	0.222	true	39609	2019-05-28T08:06:34.000Z
plomlompom	0.222	false	4804	2019-05-27T12:45:12.000Z
radioeins	0.222	false	106748	2019-05-28T19:10:17.000Z
rbb24	0.222	true	51900	2019-05-28T19:49:51.000Z
rka	0.222	true	8161	2019-05-28T15:00:02.000Z
s_bahn_berlin	0.222	false	89014	2019-05-28T18:40:47.000Z
SidneyGennies	0.222	true	2447	2019-05-27T19:47:15.000Z
SilkeBurmester	0.222	false	19763	2018-11-27T04:58:29.000Z
sixtus	0.222	true	122668	2019-05-28T22:46:00.000Z
SPIEGEL_Sport	0.222	true	250716	2019-05-28T20:34:43.000Z
stadtwildnis	0.222	false	1557	2019-05-28T23:28:38.000Z
tagesschau	0.222	true	2511950	2019-05-28T21:06:58.000Z
tobirieder	0.222	false	606	2019-05-28T19:29:48.000Z
umwerfer	0.222	false	2031	2019-05-28T06:30:22.000Z
uniwave	0.222	true	9920	2019-05-28T21:04:30.000Z
wortfeld	0.222	false	2153	2019-05-28T05:09:43.000Z
ankowitsch	0.206	false	2117	2019-05-26T11:29:39.000Z
ARDde	0.206	true	135394	2019-05-24T15:06:07.000Z
BILD_Sport	0.206	true	311812	2019-05-28T21:02:04.000Z
BPitchControl	0.206	false	31013	2019-05-28T15:16:37.000Z
Der_Postillon	0.206	true	816990	2019-05-28T17:45:03.000Z
ElisabethTsp	0.206	false	481	2019-05-27T06:52:18.000Z
ExSpiesser	0.206	false	1171	2019-05-23T18:33:53.000Z
fcunion	0.206	true	137547	2019-05-28T17:02:58.000Z
fuecks	0.206	false	4912	2019-05-29T00:11:22.000Z
GolinehAtai	0.206	true	39976	2019-05-28T18:50:16.000Z
HappySchnitzel	0.206	true	36518	2019-05-28T10:58:36.000Z
heiseonline	0.206	true	223427	2019-05-28T17:01:12.000Z
ImreBalzer	0.206	false	923	2019-05-28T12:36:12.000Z
IndieWire	0.206	true	657967	2019-05-29T02:15:00.000Z
intromagazin	0.206	false	52803	2018-07-27T13:58:43.000Z
kraftwerk	0.206	true	73438	2019-03-26T13:13:50.000Z
KuehniKev	0.206	true	113165	2019-05-28T21:35:13.000Z
Leonarrt	0.206	false	143	2019-05-27T14:09:16.000Z
lukashermsmeier	0.206	false	2534	2019-05-25T16:12:12.000Z
Ma_Heller	0.206	true	6173	2019-05-28T11:20:16.000Z
maria_fiedler	0.206	false	3020	2019-05-27T18:23:41.000Z
markuskavka	0.206	true	62387	2019-05-25T19:19:04.000Z
martindelius	0.206	true	11484	2019-05-28T16:17:40.000Z
morgenmagazin	0.206	true	161926	2019-05-28T12:39:56.000Z
mthie	0.206	false	2495	2019-05-28T21:02:04.000Z
muellerwirth	0.206	true	9353	2019-05-26T07:33:43.000Z
NikolausBlome	0.206	true	65551	2019-05-27T09:20:55.000Z
nlantzsch	0.206	false	2779	2019-05-28T21:09:54.000Z
OliverBilger	0.206	false	882	2019-05-22T17:12:37.000Z
petrasorge	0.206	false	2971	2019-05-28T13:32:52.000Z
philippsteuer	0.206	true	26358	2019-05-28T21:33:12.000Z
SabineRennefanz	0.206	false	2894	2019-05-28T19:37:26.000Z
schroeder_k	0.206	true	49103	2019-05-28T20:02:08.000Z
SoundnFuryMark	0.206	false	1193	2019-05-28T21:04:21.000Z
Stadtschloss	0.206	false	608	2019-05-27T18:23:03.000Z
stburnster	0.206	false	1207	2019-05-28T10:55:10.000Z
TiloJung	0.206	true	76266	2019-05-28T22:46:27.000Z
torproject	0.206	true	297649	2019-05-28T16:32:09.000Z
udolindenberg	0.206	true	73112	2019-05-28T10:08:34.000Z
waxmuth	0.206	false	3269	2019-05-28T21:44:42.000Z
welt	0.206	true	1310934	2019-05-28T23:15:40.000Z
wikileaks	0.206	true	5495187	2019-05-28T20:57:57.000Z
ZappMM	0.206	true	76284	2019-05-28T18:59:44.000Z
amnesty_de	0.190	true	209795	2019-05-28T22:35:53.000Z
ankegroener	0.190	false	6125	2019-05-28T21:31:29.000Z
BBCSport	0.190	true	7798605	2019-05-28T22:36:00.000Z
BeneVoigt	0.190	false	469	2019-05-26T20:10:56.000Z
BFMTV	0.190	true	2451766	2019-05-28T22:22:20.000Z
CDU	0.190	true	283381	2019-05-27T18:06:34.000Z
CNN	0.190	true	41994872	2019-05-28T23:25:00.000Z
dasnuf	0.190	true	13402	2019-05-28T20:02:51.000Z
Die_Gruenen	0.190	true	460424	2019-05-27T10:22:01.000Z
DIEZEIT	0.190	true	298339	2019-05-28T18:06:06.000Z
diplix	0.190	false	6603	2019-05-28T12:41:32.000Z
dlfkultur	0.190	true	125522	2019-05-28T16:44:02.000Z
doctorow	0.190	true	420972	2019-05-29T00:45:01.000Z
fhomburger	0.190	true	19135	2019-05-28T22:35:49.000Z
HillaryClinton	0.190	true	24582121	2019-05-28T17:42:13.000Z
inespohl	0.190	true	34054	2019-05-28T16:06:01.000Z
JCBockenheimer	0.190	false	1572	2019-05-27T07:59:56.000Z
knetagabo	0.190	false	1035	2019-05-25T18:57:15.000Z
MacRumors	0.190	true	875574	2019-05-29T00:23:22.000Z
MalteLehming	0.190	false	1550	2019-05-28T13:58:11.000Z
MarcusSchwarze	0.190	true	9070	2019-05-28T22:04:13.000Z
Nabertronic	0.190	false	7088	2019-05-28T15:07:39.000Z
NZZ	0.190	true	394772	2019-05-28T17:03:00.000Z
oler	0.190	true	16055	2019-05-28T16:22:19.000Z
PeterGreste	0.190	true	52056	2019-05-24T21:46:16.000Z
politico	0.190	true	3823001	2019-05-29T02:00:06.000Z
Rene_Wappler	0.190	false	428	2018-03-13T10:33:25.000Z
Schmidtlepp	0.190	true	40212	2019-05-28T23:26:16.000Z
Schwiesau	0.190	false	999	2019-05-18T21:28:42.000Z
SpeakerPelosi	0.190	true	2561022	2019-05-28T23:40:09.000Z
SPIEGEL_Top	0.190	true	280489	2019-05-28T18:09:34.000Z
SWagenknecht	0.190	true	402746	2019-05-26T20:46:11.000Z
tanit	0.190	true	22734	2019-05-28T20:40:30.000Z
theresa_may	0.190	true	855812	2019-05-27T11:35:16.000Z
tsipras_eu	0.190	true	311569	2019-05-21T11:11:07.000Z
ulmentv	0.190	true	55958	2019-05-28T18:00:15.000Z
vmedick	0.190	false	9519	2019-05-28T17:39:48.000Z
Wollschmolz	0.190	false	726	2019-05-28T07:19:47.000Z
zeitonlinesport	0.190	true	196232	2019-05-28T17:20:25.000Z
AJEnglish	0.175	true	5204909	2019-05-29T01:30:41.000Z
altreflexion	0.175	false	3648	2019-05-28T22:07:31.000Z
BahnAnsagen	0.175	false	217313	2019-05-28T17:18:11.000Z
beimariabrennts	0.175	false	94	2019-05-25T12:02:48.000Z
berndulrich	0.175	false	23362	2019-05-28T18:29:24.000Z
ChristophAzone	0.175	false	5293	2019-05-28T15:29:37.000Z
CHSievers	0.175	true	55769	2019-05-26T23:21:36.000Z
dahlrichs	0.175	true	3220	2019-05-28T17:10:39.000Z
dieLinke	0.175	true	263162	2019-05-28T16:17:54.000Z
dwnews	0.175	true	252645	2019-05-29T01:45:00.000Z
extra3	0.175	true	775383	2019-05-28T13:38:18.000Z
fabianmohr	0.175	true	1985	2019-05-25T14:05:42.000Z
fr	0.175	true	193941	2019-05-28T20:44:56.000Z
iamjohnoliver	0.175	true	5198445	2019-05-20T14:17:45.000Z
JunckerEU	0.175	true	714471	2019-05-27T11:16:32.000Z
kicker_bl_li	0.175	true	194912	2019-05-28T19:55:40.000Z
KimDotcom	0.175	true	740801	2019-05-28T22:30:02.000Z
Newsweek	0.175	true	3330322	2019-05-29T02:20:05.000Z
ObamaWhiteHouse	0.175	true	13224748	2017-01-20T15:31:41.000Z
sebaso	0.175	false	4762	2019-05-28T20:16:33.000Z
SPIEGEL_EIL	0.175	true	1825337	2019-05-27T14:18:25.000Z
sportschau	0.175	true	604117	2019-05-28T21:23:00.000Z
TheEconomist	0.175	true	23738958	2019-05-28T23:21:24.000Z
UN	0.175	true	11077807	2019-05-29T01:07:00.000Z
WELTnews	0.175	true	366745	2019-05-28T22:09:14.000Z
yanisvaroufakis	0.175	true	972612	2019-05-28T16:59:14.000Z
abspann	0.162	false	1012	2019-05-28T20:44:31.000Z
AFP	0.162	true	1601791	2019-05-29T01:32:10.000Z
Augstein	0.162	false	255319	2019-05-26T18:51:13.000Z
Bleed	0.162	false	3282	2019-05-26T15:41:57.000Z
brokep	0.162	true	48157	2019-05-28T12:52:02.000Z
Bundesliga_DE	0.162	true	2144998	2019-05-28T18:12:06.000Z
ClausKleber	0.162	true	343937	2019-05-23T15:40:07.000Z
DLF	0.162	true	215643	2019-05-28T23:18:49.000Z
DWDL	0.162	true	93003	2019-05-28T21:32:18.000Z
guardian	0.162	true	7751110	2019-05-28T23:18:34.000Z
helenzille	0.162	true	1381821	2019-05-28T20:32:40.000Z
herbstblond	0.162	true	118094	2018-04-12T11:28:37.000Z
netzpolitik	0.162	true	402284	2019-05-28T20:46:41.000Z
NewYorker	0.162	true	8644497	2019-05-29T02:21:36.000Z
rponline	0.162	true	205816	2019-05-28T12:10:20.000Z
RSprachrohr	0.162	true	410706	2019-05-28T17:02:29.000Z
Snowden	0.162	true	4010734	2019-05-23T23:24:53.000Z
SZ	0.162	true	1510073	2019-05-28T19:18:24.000Z
TechCrunch	0.162	true	10055538	2019-05-28T22:05:04.000Z
TheBorisBecker	0.162	true	685966	2019-05-28T23:27:24.000Z
WhiteHouse	0.162	true	18571614	2019-05-29T00:35:30.000Z
WillingerK	0.162	false	2718	2019-05-25T10:26:13.000Z
11Freunde_Red	0.150	true	85055	2019-03-26T08:53:37.000Z
berlinerzeitung	0.150	true	234439	2019-05-28T17:59:57.000Z
BreakingNews	0.150	true	9344416	2019-05-29T02:00:30.000Z
CNEWS	0.150	true	1325976	2019-05-28T21:08:34.000Z
DasErste	0.150	true	513566	2019-05-28T19:05:03.000Z
DFB_Team	0.150	true	3296291	2019-05-28T10:00:04.000Z
khamenei_ir	0.150	false	550446	2019-05-27T17:26:58.000Z
manuelmeimberg	0.150	false	2176	2019-05-27T16:56:57.000Z
niggi	0.150	true	292873	2019-05-28T21:30:32.000Z
omichalsky	0.150	true	25996	2019-05-27T11:23:13.000Z
PolizeiMuenchen	0.150	true	460789	2019-05-28T16:02:00.000Z
SPIEGELONLINE	0.150	true	2536625	2019-05-28T19:49:04.000Z
titanic	0.150	true	488091	2019-05-28T13:45:03.000Z
ulfposh	0.150	true	39055	2019-05-28T21:38:03.000Z
ZDFneo	0.150	true	169205	2019-05-28T17:28:28.000Z
HerthaBSC	0.138	true	342658	2019-05-29T00:05:27.000Z
janboehm	0.138	true	2098835	2019-05-28T21:25:09.000Z
JoergFr	0.138	false	1162	2019-05-28T16:57:07.000Z
michaelpreetz	0.138	true	216327	2019-05-27T20:42:10.000Z
wienervig	0.138	false	2508	2019-05-28T11:21:55.000Z
zeitonline	0.138	true	2103708	2019-05-28T21:59:37.000Z
jeremycorbyn	0.127	true	1968931	2019-05-28T11:24:44.000Z
megaSNY	0.127	false	78	2019-05-28T17:51:31.000Z
ZDF	0.127	true	1173855	2019-05-28T21:00:08.000Z
ZDFsport	0.127	true	608108	2019-05-28T18:08:15.000Z
BBCBreaking	0.118	true	39787226	2019-05-27T15:57:48.000Z
DerSPIEGEL	0.118	true	464560	2019-05-28T19:33:04.000Z
EU_Commission	0.118	true	1091913	2019-05-28T19:32:47.000Z
HassanRouhani	0.118	true	817362	2019-05-08T07:00:02.000Z
NASA	0.118	true	31324850	2019-05-29T01:33:09.000Z
peteraltmaier	0.118	true	248104	2019-05-28T14:50:56.000Z
Pontifex	0.118	true	18028093	2019-05-28T10:31:40.000Z
SkySportNewsHD	0.118	true	678397	2019-05-28T20:35:42.000Z
SPORTBILD	0.118	true	388888	2019-05-28T21:02:27.000Z
Place_Beauvau	0.108	true	525243	2019-05-28T16:30:56.000Z
ZDFheute	0.108	true	474055	2019-05-28T20:30:00.000Z
GregorGysi	0.100	true	333731	2019-05-16T12:01:05.000Z
sigmargabriel	0.100	true	269794	2019-05-26T19:57:42.000Z