ErhardGrundl	4.863	false	122	2009-03-10T15:03:05.000Z
GittaConnemann	4.863	false	321	2010-01-10T20:42:42.000Z
Oehmeulrich	4.818	false	50	2017-02-09T21:03:31.000Z
BerndWestphal4	4.750	false	70	2019-05-09T14:58:44.000Z
SiemtjeMoeller	4.632	false	112	2018-03-08T18:41:43.000Z
BjoernSimon	4.603	false	134	2016-09-22T10:48:36.000Z
Peter_Stein_CDU	4.503	false	205	2015-05-06T09:23:21.000Z
Hansjoerg_Durz	4.465	true	477	2018-02-07T16:46:06.000Z
SchaeferCDU	4.424	false	73	2017-06-18T15:25:50.000Z
HoldingEuropa	4.335	false	66	2017-05-23T16:01:28.000Z
jessica_tatti	4.286	false	152	2019-03-29T13:26:02.000Z
MalsackWinkeman	4.234	false	745	2019-05-20T08:13:39.000Z
Siegbert_Droese	4.234	false	262	2017-10-09T19:00:37.000Z
GustavHerzogMdB	4.179	true	466	2017-09-21T10:30:28.000Z
Heiko_Wildberg	4.179	false	241	2017-10-09T18:31:19.000Z
PascalKober	4.179	false	217	2018-10-11T17:47:02.000Z
thomas_jurk	4.179	false	177	2017-07-19T19:15:59.000Z
WolfgangFuhl	4.179	false	377	2019-02-19T00:39:43.000Z
Huber_AfD	4.121	false	293	2017-10-12T00:37:06.000Z
Neumann_AfD	4.121	false	240	2017-10-11T09:31:34.000Z
vonGottberg_AfD	4.121	false	308	2017-10-14T21:22:08.000Z
Nienaber_Ralf	4.060	false	600	2018-09-11T23:48:35.000Z
Paul_Podolay	4.060	false	383	2019-05-17T18:40:10.000Z
Spenrath_AfD	3.928	false	536	2018-06-01T17:16:18.000Z
ttte94	3.928	false	374	2019-01-18T11:25:11.000Z
MdB_Ulrike_Bahr	3.857	false	705	2018-08-24T10:48:39.000Z
Nicole_Hoechst	3.857	false	2662	2019-05-23T12:17:30.000Z
PeterWeissMdB	3.857	true	505	2015-01-22T13:09:22.000Z
AntjeTillmann	3.705	false	49	2019-05-28T09:26:11.000Z
EstherDilcher	3.705	false	125	2018-04-04T13:43:13.000Z
Manfredbehrens	3.705	true	977	2015-08-09T08:30:52.000Z
oezdemir_spd	3.705	true	1140	2015-06-06T17:40:26.000Z
NicoleWestig	3.624	false	539	2019-05-12T15:48:18.000Z
PeterAumer	3.624	false	452	2019-04-10T14:10:22.000Z
Florian_Ossner	3.541	true	695	2019-05-26T10:22:47.000Z
JanMetzler	3.541	true	2106	2018-09-27T20:18:43.000Z
DHeidenblut	3.454	true	286	2019-05-22T14:03:16.000Z
rainerspiering	3.454	false	360	2009-09-15T09:36:59.000Z
Ulrich_Oehme	3.365	false	790	2019-02-12T12:24:05.000Z
axelgehrke	3.273	false	621	2019-05-18T19:23:14.000Z
axel_knoerig	3.179	false	136	2019-05-23T10:38:03.000Z
FGuentzler	3.179	false	210	2017-03-04T15:53:29.000Z
armin_schuster	3.082	true	2810	2019-05-19T13:33:07.000Z
BrittaDassler	3.082	true	478	2019-05-25T10:37:06.000Z
DrRobbySchlund	3.082	false	65	2019-05-26T18:21:33.000Z
HoubenReinhard	3.082	false	673	2019-05-10T12:48:44.000Z
MdB_Mueller_AfD	3.082	false	1083	2019-05-28T22:54:10.000Z
DrHollnagel	2.984	false	282	2019-05-24T13:16:32.000Z
GottfriedCurio	2.984	true	16559	2019-05-28T22:18:26.000Z
uwefeilermdb	2.884	false	68	2019-04-12T08:37:06.000Z
HartmutEbbing	2.783	true	374	2019-05-27T06:40:59.000Z
JuergenBraunAfD	2.783	false	1332	2019-05-29T08:04:27.000Z
M_HarderKuehnel	2.783	true	6412	2019-05-26T14:41:40.000Z
Marc_Jongen	2.783	true	1915	2019-05-21T07:34:01.000Z
PeterFelser	2.783	false	423	2019-05-29T08:31:35.000Z
matthiasbartke	2.681	true	3428	2019-04-20T09:55:00.000Z
SteffenKotre	2.681	false	2147	2019-04-23T16:08:02.000Z
SusanneFerschl	2.681	false	234	2019-05-29T08:43:26.000Z
nicole_ae_bauer	2.578	true	630	2019-05-28T05:24:55.000Z
ProfMaier	2.578	false	1974	2019-05-17T10:05:22.000Z
ChrWirthMdB	2.475	false	1760	2019-05-17T08:36:08.000Z
JoernKoenigAfD	2.475	false	726	2019-05-28T11:20:11.000Z
guenterkrings	2.372	true	1396	2019-02-22T10:03:03.000Z
HoffmannForest	2.372	true	263	2019-05-28T20:42:39.000Z
k_willkomm	2.372	true	459	2019-05-26T20:31:32.000Z
MdB_Schreiber	2.372	false	721	2019-05-28T13:52:00.000Z
RenataAlt_MdB	2.372	true	421	2019-05-29T09:02:10.000Z
Schneider_AfD	2.372	false	3613	2019-05-27T21:45:02.000Z
UlrichLange	2.366	false	211	2009-09-07T10:52:14.000Z
DrFriesenMdB	2.270	false	2122	2019-05-29T06:22:49.000Z
MarjaVoellers	2.270	true	613	2019-05-27T15:26:21.000Z
WolfgangWiehle	2.270	false	560	2019-05-28T07:06:58.000Z
_MartinNeumann	2.168	false	857	2019-05-27T21:19:20.000Z
aggelidis_fdp	2.168	false	466	2019-05-28T13:56:05.000Z
GruebelMdb	2.168	false	418	2019-04-29T13:30:57.000Z
HaraldWeinberg	2.168	false	714	2013-03-28T14:02:26.000Z
Mi_Muentefering	2.168	true	3688	2019-05-29T07:08:10.000Z
reuther_bernd	2.168	true	672	2019-05-28T12:17:14.000Z
AMattfeldt	2.068	false	281	2013-08-07T07:23:30.000Z
katrin_staffler	2.068	false	527	2019-05-09T12:24:57.000Z
mischrodi	2.068	true	860	2019-05-23T16:12:05.000Z
StefanKeuterAfD	2.068	false	2377	2019-03-16T21:41:37.000Z
SusannRuethrich	2.068	true	666	2014-05-15T22:25:47.000Z
ulrichlechte	2.068	true	539	2019-05-27T18:03:34.000Z
VolkmarKlein	2.068	true	1572	2018-09-30T21:56:29.000Z
_ThomasRachel	1.969	false	283	2019-05-29T05:42:07.000Z
GabiWeberSPD	1.969	true	3252	2019-05-23T22:18:57.000Z
JudithSkudelny	1.969	true	915	2019-05-27T21:29:20.000Z
koehler_fdp	1.969	true	2448	2019-05-29T09:25:18.000Z
MdB_Freihold	1.969	false	441	2019-05-28T09:23:31.000Z
mvabercron	1.969	false	445	2019-05-27T17:55:28.000Z
NKleinwaechter	1.969	false	2382	2019-05-21T12:48:25.000Z
RitaHaglKehl	1.969	true	1120	2019-05-24T08:54:12.000Z
S_Muenzenmaier	1.969	false	3462	2019-05-28T20:08:13.000Z
SybilleBenning	1.969	true	376	2018-05-12T18:36:21.000Z
Th_Seitz_AfD	1.969	false	2134	2019-04-30T13:14:47.000Z
AndreaLindholz	1.871	true	1685	2019-03-05T11:13:43.000Z
AndreasBleckMdB	1.871	false	1867	2019-05-28T14:58:03.000Z
Buettner_MdB	1.871	false	1988	2019-05-22T14:56:33.000Z
CorinnaMiazga	1.871	false	3335	2019-05-28T04:54:03.000Z
RyglewskiS	1.871	false	213	2019-05-24T13:20:13.000Z
SilberhornMdB	1.871	false	1010	2019-05-27T07:40:05.000Z
UdoSchiefner	1.871	false	1144	2019-05-22T14:04:16.000Z
WilfriedOellers	1.871	false	762	2019-05-09T17:25:05.000Z
BetMueller	1.776	true	2574	2019-05-28T10:45:28.000Z
Ingrid_Nestle	1.776	false	1699	2019-05-09T09:59:59.000Z
Jochen_Haug	1.776	false	3029	2019-04-27T14:06:28.000Z
joerg_cezanne	1.776	false	215	2019-05-25T07:13:17.000Z
MarcBernhardAfD	1.776	true	2498	2019-05-28T15:15:33.000Z
MdB_Lucassen	1.776	false	2686	2019-05-21T15:43:42.000Z
MdBKlein	1.776	true	656	2019-05-23T09:22:43.000Z
michael_g_link	1.776	true	1303	2019-05-10T09:21:46.000Z
michael_thews	1.776	true	2016	2019-05-05T17:47:04.000Z
MichaelKuffer	1.776	false	570	2019-04-18T14:44:40.000Z
Thomas_Ehrhorn	1.776	false	715	2019-05-28T13:55:36.000Z
MarcusWeinberg	1.683	true	2057	2019-05-15T10:24:03.000Z
NinaScheer_SPD	1.683	false	760	2019-05-14T15:35:43.000Z
AchimKesslerMdB	1.592	false	1132	2019-05-28T20:39:09.000Z
Amira_M_Ali	1.592	false	452	2019-05-25T14:11:35.000Z
BaerbelKofler	1.592	true	5112	2019-05-29T07:15:28.000Z
busen_mdb	1.592	true	569	2019-05-27T17:39:07.000Z
ClaudiaMollMdB	1.592	true	226	2019-04-11T17:13:57.000Z
EspendillerM	1.592	false	3415	2019-05-27T21:27:44.000Z
FrStraetmanns	1.592	false	706	2019-05-28T10:18:00.000Z
GaHeinrich	1.592	false	599	2019-05-11T20:04:21.000Z
Jacobi_AfD	1.592	false	1032	2019-05-20T18:00:58.000Z
Marcus_Buehl	1.592	false	1298	2019-05-28T06:56:26.000Z
mseesternpauly	1.592	false	430	2019-05-21T13:31:44.000Z
A_Gloeckner	1.504	true	665	2019-05-24T19:34:08.000Z
BraFDP	1.504	false	1251	2019-05-29T09:58:58.000Z
DrLaunert	1.504	false	806	2017-06-21T08:21:20.000Z
fdp_hessel	1.504	true	736	2019-05-23T11:22:35.000Z
G_UllrichFDP	1.504	true	546	2019-05-27T12:54:36.000Z
gero_storjohann	1.504	true	575	2019-04-16T13:41:50.000Z
GeroHocker	1.504	false	1256	2019-05-27T10:14:24.000Z
KlausMindrup	1.504	true	961	2019-05-17T18:00:46.000Z
ManuelaRottman	1.504	false	1506	2019-05-28T19:12:35.000Z
StefingerMdB	1.504	false	1036	2019-05-25T12:10:45.000Z
tpflueger	1.504	false	2625	2019-05-27T13:41:57.000Z
Witt_Uwe	1.504	false	2373	2019-05-28T09:11:56.000Z
bhoffmann_mdb	1.419	false	918	2019-05-25T11:37:10.000Z
DaniLudwigMdB	1.419	false	599	2019-05-29T05:37:07.000Z
DjirSarai	1.419	true	1786	2019-05-28T13:40:14.000Z
Dr_Rainer_Kraft	1.419	false	399	2019-05-21T15:42:08.000Z
HellmichMdB	1.419	true	1221	2019-05-27T21:05:40.000Z
KayGottschalk1	1.419	false	2943	2019-05-29T06:00:57.000Z
Martin_Sichert	1.419	false	1629	2019-05-20T23:32:51.000Z
sandra_weeser	1.419	true	1474	2019-05-29T07:13:58.000Z
solms	1.419	true	6413	2019-05-16T13:07:41.000Z
stamm_fibich	1.419	true	576	2019-05-27T14:19:48.000Z
SteffenSonja	1.419	false	866	2019-05-27T10:19:08.000Z
theliberalfrank	1.419	true	1174	2019-05-29T10:03:52.000Z
Tino_Chrupalla	1.419	false	1629	2019-05-28T16:41:44.000Z
CPetryMdB	1.337	true	1242	2019-05-15T07:14:57.000Z
FrankHeinrich	1.337	true	1765	2019-04-10T12:43:19.000Z
hans_michelbach	1.337	false	566	2019-05-08T14:11:20.000Z
HerbrandMarkus	1.337	true	264	2019-05-29T06:41:35.000Z
Rene_Springer	1.337	false	2198	2019-05-28T19:46:08.000Z
zierke	1.337	true	1112	2019-05-11T17:15:05.000Z
Brehm_inNBGNord	1.258	false	412	2019-05-14T09:21:50.000Z
BrunnerGanzOhr	1.258	false	728	2019-05-27T08:11:25.000Z
christophploss	1.258	false	466	2019-05-28T08:45:32.000Z
DirkSpaniel	1.258	false	2836	2019-05-29T05:20:31.000Z
edrossmann	1.258	true	2465	2019-05-15T12:47:32.000Z
ElsnervonGronow	1.258	false	2620	2019-05-27T18:28:36.000Z
f_schaeffler	1.258	true	10319	2019-05-28T20:25:47.000Z
h_weyel	1.258	false	2675	2019-05-28T21:05:17.000Z
JBrandenburgFDP	1.258	true	1698	2019-05-28T20:10:29.000Z
Martin_Hess_AfD	1.258	true	3082	2019-05-29T07:02:24.000Z
MBiadaczMdB	1.258	false	532	2019-05-26T20:43:24.000Z
MichaelFrieser	1.258	true	754	2019-03-08T20:53:28.000Z
RuedigerKruse	1.258	true	2232	2019-05-17T05:01:39.000Z
WSchinnenburg	1.258	false	832	2019-05-29T09:20:52.000Z
EnricoKomning	1.182	false	2155	2019-05-17T08:39:32.000Z
Erhard_Grundl	1.182	false	796	2019-05-27T16:58:41.000Z
Frohnmaier_AfD	1.182	false	2336	2019-05-28T05:53:25.000Z
olafinderbeek	1.182	true	1400	2019-05-28T09:58:17.000Z
Peter_Beyer	1.182	false	759	2019-05-28T18:57:05.000Z
PeterBoehringer	1.182	false	1656	2019-05-25T07:02:10.000Z
reinholdmdb	1.182	true	1112	2019-05-29T09:36:14.000Z
UllmannMdB	1.182	true	906	2019-05-26T13:16:39.000Z
cad59	1.109	true	1369	2019-05-23T14:33:12.000Z
gitta_connemann	1.109	false	316	2019-05-29T08:53:09.000Z
hacker_fdp	1.109	true	1216	2019-05-24T09:18:38.000Z
HajdukBundestag	1.109	true	1202	2019-05-23T08:54:19.000Z
JoanaCotar	1.109	true	10047	2019-05-29T05:59:26.000Z
margit_stumpp	1.109	false	942	2019-05-28T07:50:48.000Z
n_roettgen	1.109	false	4431	2019-05-28T15:33:07.000Z
Alice_Weidel	1.040	true	70197	2019-05-28T17:02:22.000Z
DanielaKluckert	1.040	true	1643	2019-05-27T16:16:20.000Z
felixschreiner	1.040	true	1004	2019-05-25T13:05:01.000Z
KirstenKappert	1.040	false	1410	2019-05-29T06:11:32.000Z
MTodtenhausen	1.040	true	1140	2019-05-23T13:48:38.000Z
nicolabeerfdp	1.040	true	12631	2019-05-28T16:40:45.000Z
stadler_svenja	1.040	true	3232	2019-05-28T22:12:38.000Z
thomasgebhart	1.040	true	2555	2019-05-26T16:14:28.000Z
TobiasMPeterka	1.040	false	1267	2019-05-29T10:07:50.000Z
uhl_markus	1.040	false	540	2019-05-20T13:43:24.000Z
WaldemarHerdt	1.040	false	1000	2018-12-24T22:11:05.000Z
carina_konrad	0.973	true	1167	2019-05-28T12:37:52.000Z
DeRidder_MdB	0.973	false	1614	2019-04-30T12:35:13.000Z
Ingmar_Jung	0.973	false	1564	2019-05-16T23:04:57.000Z
KatjaMast	0.973	true	651	2019-05-29T10:06:04.000Z
ruppert_stefan	0.973	false	1575	2019-05-24T10:21:29.000Z
StBrandner	0.973	true	6338	2019-05-29T10:00:01.000Z
SylviaGabelmann	0.973	false	1314	2019-05-28T15:33:02.000Z
th_sattelberger	0.973	true	6272	2019-05-27T15:40:28.000Z
AkbulutGokay	0.910	false	2214	2019-05-29T08:24:34.000Z
cdu_schweiger	0.910	false	287	2019-05-23T14:11:56.000Z
dieschmidt	0.910	false	1528	2019-05-26T18:53:40.000Z
DorisAchelwilm	0.910	false	1414	2019-05-28T19:44:06.000Z
HeikeBrehmerMdB	0.910	false	1314	2019-05-26T10:04:55.000Z
jankortemdb	0.910	true	19243	2019-05-28T10:22:46.000Z
JensKoeppen	0.910	true	3326	2019-05-22T06:20:52.000Z
KorkmazGT	0.910	true	1322	2019-05-26T08:55:51.000Z
mueller_sepp	0.910	false	800	2019-05-29T06:18:37.000Z
MuellerChemnitz	0.910	true	1058	2019-05-28T23:03:16.000Z
NilsSchmid	0.910	true	4564	2019-05-28T07:57:34.000Z
Schmidt_MdB	0.910	false	549	2019-05-29T09:55:28.000Z
TErndl	0.910	false	335	2019-05-29T09:20:31.000Z
AfDProtschka	0.851	false	2544	2019-05-28T20:44:48.000Z
Birke_Bull	0.851	false	3068	2019-05-16T17:29:02.000Z
ChristophFDP	0.851	true	1576	2019-05-28T16:25:13.000Z
FlorianPronold	0.851	true	14372	2019-05-29T01:00:19.000Z
FrankeEdgar	0.851	true	2146	2019-05-14T17:10:36.000Z
Jan_Nolte_AfD	0.851	false	863	2019-05-29T08:10:13.000Z
Johann_Saathoff	0.851	true	1828	2019-05-24T14:09:14.000Z
joloulou	0.851	false	1336	2019-05-17T13:38:03.000Z
KemmerichThL	0.851	false	2696	2019-05-28T05:22:16.000Z
muellerboehm	0.851	true	1105	2019-04-11T10:13:07.000Z
ToniHofreiter	0.851	true	9899	2013-10-29T11:06:47.000Z
UdoHemmelgarn	0.851	true	5621	2019-05-29T06:51:58.000Z
c_bernstiel	0.794	true	564	2019-05-08T09:27:02.000Z
c_jung77	0.794	true	1521	2019-05-28T22:24:56.000Z
DanyWagner_DA	0.794	true	884	2019-05-29T09:59:46.000Z
dittmarsabine	0.794	false	805	2019-05-26T07:44:51.000Z
JensMaierAfD	0.794	false	3596	2019-05-27T07:29:59.000Z
julia_verlinden	0.794	true	5407	2019-05-28T16:02:31.000Z
KatrinHelling	0.794	true	1528	2019-05-20T13:52:58.000Z
MetinHakverdi	0.794	false	3281	2019-05-28T11:12:38.000Z
michaelgrossmdb	0.794	false	952	2019-04-29T14:03:46.000Z
OWvonHoltz	0.794	false	958	2019-05-28T18:22:54.000Z
StephanThomae	0.794	true	1787	2019-05-29T09:58:17.000Z
torstenherbst	0.794	true	1132	2019-05-27T07:18:27.000Z
ulschzi	0.794	false	1235	2019-05-27T10:13:49.000Z
ZdebelHubertus	0.794	false	1059	2019-05-03T09:10:17.000Z
DFoest	0.741	true	4167	2019-05-29T10:01:12.000Z
Dr_Roy_Kuehne	0.741	false	1661	2019-05-14T14:39:25.000Z
Erwin_Rueddel	0.741	true	3999	2019-05-29T08:05:35.000Z
GtzFrmming	0.741	true	10021	2019-05-29T08:38:27.000Z
meister_schafft	0.741	true	3235	2019-05-28T20:09:21.000Z
nouripour	0.741	true	16500	2019-05-29T09:45:06.000Z
pascalmeiser	0.741	false	1663	2019-05-29T10:07:41.000Z
UliGroetsch	0.741	true	1663	2019-05-27T16:44:14.000Z
AndiScheuer	0.690	true	46565	2019-05-26T09:02:32.000Z
Axel_Fischer	0.690	false	690	2019-05-29T08:28:42.000Z
badulrichmartha	0.690	true	2260	2019-05-29T05:39:48.000Z
ChrisKuehn_mdb	0.690	false	2525	2019-05-28T07:39:24.000Z
FlorianPost	0.690	false	1650	2019-05-28T21:15:05.000Z
ManjaSchuele	0.690	true	2192	2019-05-27T19:17:37.000Z
MargareteBause	0.690	true	4329	2019-05-28T17:33:17.000Z
markuskurthmdb	0.690	true	3000	2019-05-27T08:04:58.000Z
MAStrackZi	0.690	true	6222	2019-05-28T13:11:15.000Z
MechthildHeil	0.690	true	3058	2019-05-23T21:10:20.000Z
NikolasLoebel	0.690	false	923	2019-05-28T09:27:21.000Z
RonjaKemmer	0.690	true	2259	2019-05-28T11:06:28.000Z
SabineLeidig	0.690	true	7105	2019-05-28T15:41:09.000Z
VolkerUllrich	0.690	true	2808	2019-05-26T19:08:31.000Z
AlexanderRadwan	0.643	true	1431	2019-05-16T15:21:08.000Z
bstrasser	0.643	true	1978	2019-05-23T08:52:17.000Z
DerDanyal	0.643	false	2436	2019-05-29T07:15:43.000Z
FalkoMohrs	0.643	true	1222	2019-05-26T20:57:14.000Z
Frank_Magnitz	0.643	false	2060	2019-05-25T16:12:26.000Z
fuchtel	0.643	true	2183	2019-02-06T03:41:29.000Z
jschraps	0.643	true	1323	2019-05-27T12:56:43.000Z
KartesMdB	0.643	false	408	2019-05-27T04:50:49.000Z
Leif_Erik_Holm	0.643	true	7190	2019-05-23T13:18:09.000Z
MarcusHeld_SPD	0.643	false	766	2018-01-10T20:16:34.000Z
UliFreese	0.643	true	666	2019-05-24T12:53:31.000Z
ZaklinNastic	0.643	false	2071	2019-05-28T09:18:50.000Z
Andi_Wagner	0.598	false	1876	2019-05-28T17:01:14.000Z
annachristmann	0.598	true	2195	2019-05-28T13:41:35.000Z
CarstenMuellers	0.598	false	125	2009-07-08T15:50:13.000Z
ekindeligoez	0.598	true	7183	2019-05-27T19:45:40.000Z
LieblingXhain	0.598	false	5781	2019-05-28T21:50:17.000Z
LoetzschMdB	0.598	false	5033	2019-05-29T06:44:26.000Z
ManderlaGisela	0.598	false	1431	2019-05-22T14:51:59.000Z
MatthiasHauer	0.598	true	4954	2019-05-29T08:40:38.000Z
MatthiasHeider	0.598	true	1425	2019-05-17T15:22:29.000Z
michel_brandt_	0.598	false	2221	2019-05-26T16:32:25.000Z
MieruchMario	0.598	false	255	2019-05-29T10:21:24.000Z
Schwarz_MdB	0.598	true	3638	2019-05-29T07:29:35.000Z
stonie_kiel	0.598	true	1102	2019-05-27T04:32:36.000Z
ThomasHitschler	0.598	true	3471	2019-05-28T14:57:02.000Z
UlliNissen	0.598	false	4197	2019-05-29T09:53:04.000Z
AnetteKramme	0.583	false	869	2019-02-13T18:32:50.000Z
agnieszka_mdb	0.556	true	8613	2019-05-27T15:46:32.000Z
anjaweisgerber	0.556	true	1396	2019-05-23T07:54:49.000Z
BurkertMartin	0.556	true	1093	2019-05-26T11:12:32.000Z
CanselK	0.556	true	4404	2019-05-28T21:52:52.000Z
dr_tiemann	0.556	false	428	2018-11-05T21:23:49.000Z
EUTheurer	0.556	true	4176	2019-05-21T19:47:09.000Z
fjunge	0.556	true	583	2019-05-28T19:14:53.000Z
franksteffel	0.556	true	2655	2019-05-15T12:16:28.000Z
fritzfelgentreu	0.556	true	3616	2019-05-29T05:15:30.000Z
jensbeeck	0.556	true	662	2019-05-21T13:31:21.000Z
josip_juratovic	0.556	true	913	2019-05-23T13:49:28.000Z
kahrs	0.556	true	21908	2019-05-29T05:40:33.000Z
KatjaKeul	0.556	false	1299	2019-05-27T20:19:06.000Z
KerstinGriese	0.556	true	5807	2019-05-28T15:35:58.000Z
NicoleGohlke	0.556	true	5629	2019-05-29T07:37:38.000Z
R_Hartwig_AfD	0.556	true	4078	2019-05-24T03:41:16.000Z
StephPilsinger	0.556	false	806	2019-05-26T12:22:28.000Z
ulle_schauws	0.556	true	4884	2019-05-28T18:30:10.000Z
Buergerwohl	0.516	false	1674	2019-05-27T20:12:47.000Z
CarstenTraeger	0.516	true	4973	2019-05-28T14:48:53.000Z
florian_toncar	0.516	true	3349	2019-05-26T17:59:41.000Z
franksitta	0.516	true	2974	2019-05-28T21:37:51.000Z
HildeMattheis	0.516	true	10262	2019-05-28T07:04:12.000Z
Katrin_Werner	0.516	true	2665	2019-05-29T07:52:53.000Z
Lambsdorff	0.516	true	11590	2019-05-29T06:29:11.000Z
LINKEPELLI	0.516	false	5650	2019-05-28T19:53:52.000Z
ManuelHoeferlin	0.516	true	5573	2019-05-28T14:43:53.000Z
matthiaszimmer	0.516	false	1017	2019-05-28T11:13:56.000Z
Norbert_MdB	0.516	true	1781	2019-05-28T13:51:50.000Z
Timon_Gremmels	0.516	true	2567	2019-05-28T08:34:17.000Z
tobiaslindner	0.516	true	4566	2019-05-27T15:08:15.000Z
victorperli	0.516	false	1724	2019-05-27T20:51:05.000Z
AWidmannMauz	0.480	true	3574	2019-05-29T05:53:13.000Z
CarenLay	0.480	true	8359	2019-05-27T21:02:36.000Z
DerLenzMdB	0.480	true	9545	2019-05-28T17:14:27.000Z
Diether_Dehm	0.480	false	5869	2019-05-28T08:42:57.000Z
DoroBaer	0.480	true	87196	2019-05-28T20:42:10.000Z
ebner_sha	0.480	true	4208	2019-05-25T16:15:00.000Z
EskenSaskia	0.480	true	7793	2019-05-29T08:48:12.000Z
FrankSchwabe	0.480	true	5101	2019-05-29T10:06:18.000Z
GrueneBeate	0.480	true	4671	2019-05-28T16:47:17.000Z
IreneMihalic	0.480	true	5265	2019-05-22T07:11:25.000Z
Kaiser_SPD	0.480	false	1059	2019-05-28T13:32:13.000Z
Karl_Lauterbach	0.480	true	76794	2019-05-29T09:02:24.000Z
KarstenMoering	0.480	false	1629	2019-05-24T12:33:09.000Z
KatjaSuding	0.480	true	9435	2019-05-29T08:55:57.000Z
lgbeutin	0.480	false	1716	2019-05-29T09:47:07.000Z
MariaKlSchmeink	0.480	true	4170	2019-05-29T06:15:25.000Z
MarkusTressel	0.480	true	1509	2019-05-29T09:50:49.000Z
PatrickSensburg	0.480	true	2185	2019-05-28T18:51:14.000Z
PetrBystronAfD	0.480	false	11950	2019-05-28T16:53:59.000Z
rbrinkhaus	0.480	true	13061	2019-05-16T13:45:19.000Z
stephankuehn	0.480	true	4560	2019-05-29T07:19:21.000Z
TinoSorge	0.480	false	2095	2019-05-28T10:04:30.000Z
UweKekeritz	0.480	false	2516	2019-05-29T10:16:39.000Z
AndreasSteier	0.445	true	1816	2019-05-28T10:55:38.000Z
DirkWieseSPD	0.445	false	1893	2019-05-29T08:24:08.000Z
GabyKatzmarek	0.445	true	842	2019-05-26T09:54:13.000Z
JM_Luczak	0.445	true	2559	2019-05-29T06:22:11.000Z
larsklingbeil	0.445	true	40887	2019-05-28T19:09:55.000Z
lisapaus	0.445	true	6996	2019-05-29T09:17:51.000Z
Lothar_Binding	0.445	true	5860	2019-05-28T14:10:56.000Z
MarkHauptmann	0.445	false	2162	2019-05-28T18:16:27.000Z
MartinaRenner	0.445	true	8339	2019-05-28T20:10:06.000Z
MartinSchulz	0.445	true	698184	2019-05-26T14:00:16.000Z
MdbWendt	0.445	true	1763	2019-05-22T11:51:44.000Z
oezoguz	0.445	true	17486	2019-05-28T19:14:10.000Z
Renner_AfD	0.445	true	4024	?
rischwasu	0.445	true	3149	2019-05-28T22:46:13.000Z
schneidercar	0.445	true	10188	2019-05-29T10:05:23.000Z
StefanGelbhaar	0.445	true	4785	2019-05-29T00:47:53.000Z
TSchipanski	0.445	true	3303	2019-05-28T12:48:10.000Z
UweSchummer	0.445	true	7855	2019-05-29T07:18:05.000Z
Wellenreuther	0.445	true	1434	2019-05-29T09:29:23.000Z
Achim_P	0.413	true	3251	2019-05-28T18:02:31.000Z
Andreas_Rimkus	0.413	true	1508	2019-05-29T04:59:32.000Z
AnjaKarliczek	0.413	true	7254	2019-05-10T16:28:04.000Z
BeateWaRo	0.413	true	2759	2019-05-27T05:15:52.000Z
BriHasselmann	0.413	true	13103	2019-05-28T20:45:02.000Z
danielakolbe	0.413	true	6234	2019-05-26T20:44:35.000Z
fbrantner	0.413	false	6897	2019-05-28T21:04:56.000Z
GydeJ	0.413	true	3006	2019-05-29T08:09:43.000Z
HESommer	0.413	true	2045	2019-05-29T09:28:38.000Z
HPFriedrichCSU	0.413	true	6263	2019-05-29T07:08:44.000Z
JanaSchimke	0.413	false	2538	2019-05-29T07:21:42.000Z
jimmyschulz	0.413	true	9287	2019-05-28T18:25:48.000Z
JuttaKrellmann	0.413	true	2783	2019-05-23T12:34:27.000Z
larscastellucci	0.413	true	4023	2019-05-29T05:57:43.000Z
LeniBreymaier	0.413	true	2055	2019-05-28T05:46:22.000Z
MarcoBuschmann	0.413	true	9733	2019-05-29T09:30:41.000Z
MartinRosemann	0.413	false	1690	2019-05-29T10:18:17.000Z
MWBirkwald	0.413	true	4493	2019-05-24T09:47:38.000Z
Oliver_Krischer	0.413	true	8727	2019-05-28T21:03:51.000Z
RenateKuenast	0.413	true	43988	2019-05-28T15:24:06.000Z
smuellermdb	0.413	true	5365	2019-05-28T20:43:03.000Z
StefanKaufmann	0.413	true	5195	2019-05-28T14:48:53.000Z
SteffenBilger	0.413	true	4333	2019-05-25T06:55:37.000Z
sven_kindler	0.413	true	11506	2019-05-28T19:51:55.000Z
UllaJelpke	0.413	false	12173	2019-05-24T11:51:20.000Z
baerbelbas	0.383	true	3769	2019-05-29T10:13:00.000Z
christianduerr	0.383	true	2425	2019-05-29T07:06:31.000Z
EvaHoegl	0.383	true	12621	2019-05-28T06:47:42.000Z
HHirte	0.383	true	4732	2019-05-29T07:38:00.000Z
johannesvogel	0.383	true	11842	2019-05-29T09:57:23.000Z
K_SA	0.383	true	5214	2019-05-28T18:17:56.000Z
KaiGehring	0.383	true	7858	2019-05-28T19:43:42.000Z
kaiwegner	0.383	true	3785	2019-05-28T17:29:04.000Z
KirstenTackmann	0.383	true	3143	2019-05-28T07:25:09.000Z
LangeMdB	0.383	true	4551	2019-05-28T14:16:28.000Z
mrosek1958	0.383	true	1807	2019-05-28T18:29:21.000Z
PSchnieder	0.383	true	3956	2019-05-24T04:59:39.000Z
sebast_hartmann	0.383	true	6214	2019-05-27T10:07:23.000Z
tj_tweets	0.383	true	12515	2019-05-28T17:45:51.000Z
Uwe_Schulz_AfD	0.383	false	915	2019-05-28T06:19:46.000Z
voglerk	0.383	false	3256	2019-05-28T07:40:09.000Z
DrAndreasNick	0.354	true	4367	2019-05-29T06:48:18.000Z
FabioDeMasi	0.354	true	6805	2019-05-29T07:56:21.000Z
hahnflo	0.354	true	3236	2019-05-28T13:53:07.000Z
hubertus_heil	0.354	true	64846	2019-05-28T22:23:12.000Z
M_Reichardt_AfD	0.354	true	3833	2019-05-28T20:07:37.000Z
ManuelSarrazin	0.354	true	4781	2019-05-28T19:59:34.000Z
MatthiasGastel	0.354	false	5533	2019-05-27T10:01:06.000Z
MatthiasHoehn	0.354	true	4664	2019-05-27T10:29:44.000Z
monikalazar	0.354	true	5406	2019-05-28T22:04:07.000Z
ninawarken	0.354	false	996	2019-05-25T16:09:12.000Z
OlliLuksic	0.354	true	5567	2019-05-29T07:24:05.000Z
Otto_Fricke	0.354	true	10390	2019-05-29T09:26:11.000Z
SBarrientosK	0.354	false	807	2019-05-23T18:51:00.000Z
StefanRouenhoff	0.354	true	536	2019-05-29T07:26:26.000Z
SylviaPantel	0.354	true	1279	2019-05-18T17:59:42.000Z
Thomas_Bareiss	0.354	true	10861	2019-05-29T09:35:25.000Z
uwe_kamann	0.354	true	5204	2019-05-29T09:20:23.000Z
YvonneMagwas	0.354	true	3836	2019-05-11T09:40:09.000Z
berlinliebich	0.328	true	19098	2019-05-28T17:30:21.000Z
DJanecek	0.328	true	9535	2019-05-29T09:11:11.000Z
Frank_Pasemann	0.328	true	8893	2019-05-29T10:04:48.000Z
HBraun	0.328	true	16162	2019-05-27T07:51:53.000Z
JoWadephul	0.328	false	2220	2019-05-28T21:19:08.000Z
KarambaDiaby	0.328	true	21916	2019-05-29T07:11:43.000Z
katjadoerner	0.328	true	9181	2019-05-29T07:20:08.000Z
MarcHenrichmann	0.328	false	219	2019-05-19T15:40:20.000Z
NadineSchoen	0.328	true	8545	2019-05-29T07:33:31.000Z
NielsAnnen	0.328	true	9555	2019-05-28T16:18:40.000Z
RKiesewetter	0.328	true	7868	2019-05-29T09:19:23.000Z
soerenbartol	0.328	true	4104	2019-05-29T09:41:18.000Z
starkwatzinger	0.328	true	1878	2019-05-28T08:53:59.000Z
SteinekeCDU	0.328	true	5217	2019-05-28T21:16:09.000Z
svenlehmann	0.328	true	10666	2019-05-29T08:41:45.000Z
swenschulz	0.328	true	3837	2019-05-25T15:38:23.000Z
AndrejHunko	0.304	true	7885	2019-05-29T10:22:09.000Z
b_riexinger	0.304	true	26333	2019-05-29T08:13:02.000Z
josefoster	0.304	true	501	2018-04-21T11:40:24.000Z
JoSteiniger	0.304	true	2948	2019-05-29T07:49:34.000Z
KaczmarekOliver	0.304	true	2825	2019-05-26T13:40:17.000Z
Kai_Whittaker	0.304	true	1990	2019-05-28T16:01:32.000Z
katdro	0.304	true	4296	2019-05-28T12:22:43.000Z
KonstantinKuhle	0.304	true	12093	2019-05-28T10:08:59.000Z
MaikBeermann	0.304	true	2243	2019-05-28T13:14:55.000Z
matschie	0.304	true	1641	2019-05-25T14:56:04.000Z
MichaelLeutert	0.304	true	3760	2019-05-26T10:24:36.000Z
Petra_Sitte_MdB	0.304	true	4768	2019-05-29T06:17:55.000Z
thlutze	0.304	false	259	2019-04-28T07:25:03.000Z
anked	0.281	true	30616	2019-05-29T08:25:20.000Z
DietmarBartsch	0.281	true	47303	2019-05-29T05:33:31.000Z
groehe	0.281	true	51322	2019-05-23T08:00:13.000Z
HeikeHaensel	0.281	true	6650	2019-05-28T10:33:38.000Z
JTrittin	0.281	true	100001	2019-05-28T10:36:04.000Z
juergenhardt	0.281	true	4086	2019-05-29T10:03:51.000Z
katjakipping	0.281	true	91042	2019-05-28T18:50:11.000Z
KerstinAndreae	0.281	true	7533	2019-05-28T06:39:50.000Z
KLeikert	0.281	false	2098	2019-05-29T07:14:58.000Z
marcobuelow	0.281	true	13361	2019-05-28T17:25:07.000Z
s_schwartze	0.281	true	3767	2019-05-28T06:50:15.000Z
TabeaRoessner	0.281	true	7901	2019-05-28T15:38:20.000Z
AlexanderSNeu	0.260	false	4791	2019-05-28T17:17:56.000Z
Conni_Moehring	0.260	true	3560	2019-05-28T19:30:29.000Z
GoeringEckardt	0.260	true	141692	2019-05-28T20:11:51.000Z
HeikoMaas	0.260	true	321429	2019-05-28T14:07:16.000Z
helgelindh	0.260	false	1517	2019-05-23T15:51:55.000Z
KonstantinNotz	0.260	true	57044	2019-05-28T21:25:03.000Z
LischkaB	0.260	true	3560	2019-05-29T04:56:25.000Z
MiRo_SPD	0.260	true	23881	2019-05-29T07:58:59.000Z
SoenkeRix	0.260	true	5718	2019-05-29T08:05:51.000Z
wanderwitz	0.260	true	3825	2019-05-28T18:38:50.000Z
ABaerbock	0.241	true	36408	2019-05-27T22:01:48.000Z
c_lindner	0.241	true	340103	2019-05-28T16:19:55.000Z
cem_oezdemir	0.241	true	139219	2019-05-28T14:36:59.000Z
ChristianHirte	0.241	true	4327	2019-05-29T10:17:43.000Z
crueffer	0.241	false	2336	2019-05-18T17:56:18.000Z
ernst_klaus	0.241	true	5283	2019-05-29T09:08:22.000Z
LindaTeuteberg	0.241	true	7363	2019-05-27T21:04:13.000Z
NiemaMovassat	0.241	true	13810	2019-05-29T07:34:52.000Z
NordMdb	0.241	false	3779	2019-05-26T22:25:32.000Z
olavgutting	0.241	false	2665	2019-05-29T10:15:23.000Z
SteffiLemke	0.241	true	13939	2019-05-29T05:45:04.000Z
W_SK	0.241	true	6453	2019-05-28T20:23:52.000Z
ch_buchholz	0.222	true	8047	2019-05-25T12:56:35.000Z
DennisRohde	0.222	true	1540	2019-05-18T18:59:44.000Z
filizgreen	0.222	false	2695	2019-05-29T10:22:33.000Z
GabiHillerOhm	0.222	true	3363	2018-12-17T14:59:31.000Z
jensspahn	0.222	true	85009	2019-05-28T18:10:01.000Z
JensZimmermann1	0.222	true	3348	2019-05-29T02:18:11.000Z
MarcusFaber	0.222	true	1143	2019-05-28T11:36:19.000Z
PetraPauMaHe	0.222	true	12702	2019-05-28T21:31:47.000Z
ThomasOppermann	0.222	true	129960	2019-05-28T20:38:21.000Z
arnoklare	0.206	true	883	2019-05-29T09:21:34.000Z
Beatrix_vStorch	0.206	true	43490	?
Toens_NRW04	0.206	true	934	2019-05-24T10:19:02.000Z
GruenClaudia	0.190	true	1654	2019-05-28T19:00:49.000Z
MGrosseBroemer	0.190	true	14566	2019-05-29T10:12:50.000Z
SevimDagdelen	0.190	true	30300	2019-05-28T12:50:04.000Z
SWagenknecht	0.190	true	402746	2019-05-26T20:46:11.000Z
UteVogt	0.190	true	4226	2019-05-26T20:26:31.000Z
BabettesChefin	0.175	true	5144	2019-05-02T21:22:25.000Z
petertauber	0.175	true	187698	2019-05-27T20:44:08.000Z
PaulZiemiak	0.162	true	16861	2019-05-26T20:26:38.000Z
peteraltmaier	0.118	true	248104	2019-05-28T14:50:56.000Z
GregorGysi	0.100	true	333731	2019-05-16T12:01:05.000Z
sigmargabriel	0.100	true	269794	2019-05-26T19:57:42.000Z